category_id,buy,cart,fav,pv,active_users,buy_to_pv_rate,events
2735466,375,961,318,11708,2718,0.032029381619405536,13362
1464116,351,596,288,6757,1830,0.05194612993932218,7992
2885642,330,562,274,9263,1545,0.035625607254669116,10429
4145813,322,1806,1014,31660,3795,0.010170562223626027,34802
4756105,287,2125,1371,45704,4208,0.006279537896026606,49487
4801426,268,1278,645,19313,3343,0.013876663387355668,21504
982926,238,1649,934,29210,4025,0.008147894556658678,32031
1320293,192,995,567,18243,3570,0.010524584772241408,19997
2640118,192,714,171,7897,1376,0.024313030264657465,8974
4159072,175,138,59,1684,554,0.10391923990498812,2056
4357323,163,450,297,7032,1290,0.023179749715585892,7942
903809,159,237,79,3386,908,0.04695806261075015,3861
4217906,153,696,321,9766,2122,0.01566659840262134,10936
3607361,148,1118,667,29848,3403,0.0049584561779683735,31781
570735,147,532,236,6546,1375,0.022456461961503207,7461
3002561,146,865,550,14527,2734,0.010050251256281407,16088
2465336,138,819,511,14501,2699,0.009516585063099096,15969
1575622,133,383,210,5057,1059,0.02630017797112913,5783
4789432,133,247,63,3143,842,0.042316258351893093,3586
1299190,130,289,192,5289,1144,0.024579315560597465,5900
1879194,121,392,239,7361,1458,0.01643798396956935,8113
3776866,99,150,59,1730,641,0.05722543352601156,2038
2355072,98,1384,817,32383,3677,0.0030262792205786987,34682
2939262,97,249,154,4611,1142,0.021036651485577967,5111
1029459,97,265,187,4239,1120,0.0228827553668318,4788
4181361,93,600,454,10680,1737,0.008707865168539325,11827
1265358,93,129,74,1658,631,0.05609167671893848,1954
2520377,92,853,661,19901,3142,0.004622883272197377,21507
3598912,91,147,78,1458,540,0.062414266117969824,1774
5053508,90,144,78,2534,705,0.035516969218626675,2846
411153,88,400,151,5269,1042,0.016701461377870562,5908
3299155,88,242,108,4514,716,0.01949490474080638,4952
866301,88,93,35,1060,472,0.0830188679245283,1276
149192,87,629,341,9853,1961,0.00882979803105653,10910
4244487,87,167,69,2753,718,0.03160188884852888,3076
965809,84,190,50,2188,599,0.038391224862888484,2512
2520771,80,380,245,6474,1820,0.01235712079085573,7179
3738615,79,606,211,8396,1382,0.00940924249642687,9292
3645362,78,210,74,3244,662,0.02404438964241677,3606
1787510,75,155,38,1897,475,0.03953610964681075,2165
4672807,74,189,75,2142,679,0.03454715219421102,2480
883960,72,264,111,2819,982,0.02554097197587797,3266
1834026,72,121,25,1115,464,0.06457399103139014,1333
1516409,72,34,25,525,248,0.13714285714285715,656
1567637,69,161,66,2089,825,0.03303015797032073,2385
800581,67,104,27,652,277,0.10276073619631902,850
1349561,66,161,59,1796,613,0.036748329621380846,2082
4558987,66,146,55,1768,445,0.03733031674208145,2035
4170419,65,197,131,5391,1272,0.012057132257466147,5784
846990,65,113,34,1436,433,0.04526462395543175,1648
3158249,65,109,38,1272,624,0.05110062893081761,1484
381850,64,164,26,1593,452,0.040175768989328314,1847
3231625,63,45,36,806,310,0.07816377171215881,950
4918438,59,77,38,1356,411,0.043510324483775814,1530
3747017,58,99,29,810,304,0.07160493827160494,996
2926020,55,284,106,3582,806,0.015354550530429927,4027
200278,54,151,64,2726,885,0.019809244314013204,2995
4731191,54,86,48,1644,267,0.032846715328467155,1832
2578647,53,351,71,3867,836,0.013705715024566847,4342
1216617,53,190,49,2685,674,0.01973929236499069,2977
1051370,52,136,98,3310,900,0.01570996978851964,3596
801221,52,127,51,1583,712,0.032849020846494,1813
2131531,51,213,158,3496,1096,0.014588100686498856,3918
4643350,50,275,102,4672,1209,0.010702054794520547,5099
3004853,50,128,100,2765,638,0.018083182640144666,3043
2945933,50,112,76,1856,444,0.02693965517241379,2094
1973012,50,71,20,591,273,0.08460236886632826,732
4690421,49,216,139,3275,849,0.014961832061068702,3679
2440115,48,117,49,1235,373,0.038866396761133605,1449
4719814,48,71,24,844,251,0.05687203791469194,987
174239,48,55,20,445,236,0.10786516853932585,568
2096639,45,119,60,5426,1107,0.008293402137854773,5650
245312,45,94,48,1431,477,0.031446540880503145,1618
3975787,45,95,23,1116,256,0.04032258064516129,1279
1859277,44,257,144,5341,1217,0.008238157648380453,5786
102272,44,123,32,1176,376,0.03741496598639456,1375
3065645,44,99,33,1167,416,0.037703513281919454,1343
4993094,43,122,58,917,323,0.04689203925845147,1140
366112,43,61,24,616,293,0.0698051948051948,744
3371868,42,73,29,582,225,0.07216494845360824,726
3624696,41,76,42,947,306,0.04329461457233368,1106
50601,41,92,15,795,294,0.05157232704402516,943
2033408,41,45,6,575,262,0.07130434782608695,667
2920476,40,297,218,6581,1779,0.00607810363166692,7136
5071267,40,115,87,2924,910,0.013679890560875513,3166
4462359,40,88,43,1086,344,0.03683241252302026,1257
3848953,40,30,22,575,301,0.06956521739130435,667
1080785,39,361,314,9544,2346,0.004086336965632859,10258
4069500,39,158,50,1796,574,0.021714922048997772,2043
1568197,39,78,66,1549,521,0.025177533892834086,1732
2297500,39,39,13,513,268,0.07602339181286549,604
1074254,39,47,8,447,216,0.087248322147651,541
3720767,38,142,67,2497,699,0.015218261914297157,2744
235534,38,204,93,2411,539,0.015761094981335544,2746
1851156,38,94,62,1671,569,0.022740873728306403,1865
3702593,37,72,32,1000,406,0.037,1141
4758477,37,52,12,418,196,0.08851674641148326,519
634390,36,126,49,1839,405,0.01957585644371941,2050
4082778,36,89,53,1660,507,0.021686746987951807,1838
2529187,36,63,13,691,321,0.05209840810419682,803
2476560,36,45,13,520,151,0.06923076923076923,614
238434,35,108,74,1796,540,0.019487750556792874,2013
1379146,35,140,65,1638,440,0.021367521367521368,1878
2572604,35,81,36,1084,346,0.03228782287822878,1236
3898483,35,67,30,980,167,0.03571428571428571,1112
4606718,34,164,44,1661,418,0.020469596628537028,1903
119741,34,94,54,1398,368,0.024320457796852647,1580
4919077,34,71,26,673,344,0.05052005943536404,804
2495340,34,48,21,537,290,0.0633147113594041,640
1595193,34,47,12,502,176,0.06772908366533864,595
874415,34,61,24,364,176,0.09340659340659341,483
753984,33,160,112,2585,681,0.01276595744680851,2890
64179,33,20,7,204,95,0.16176470588235295,264
4242717,32,36,36,829,136,0.038600723763570564,933
1045172,32,58,35,584,230,0.0547945205479452,709
2629787,31,102,50,975,401,0.031794871794871796,1158
3015852,31,49,31,639,202,0.048513302034428794,750
3439012,31,21,3,246,114,0.12601626016260162,301
285583,30,140,49,2300,478,0.013043478260869565,2519
1449177,30,35,21,549,228,0.0546448087431694,635
85955,30,20,5,361,116,0.08310249307479224,416
2042400,30,37,12,328,139,0.09146341463414634,407
4818107,29,93,29,1310,648,0.022137404580152672,1461
4654786,29,52,18,490,227,0.05918367346938776,589
4301450,29,20,13,398,122,0.0728643216080402,460
3774512,29,49,11,381,198,0.07611548556430446,470
1789614,28,89,28,1193,323,0.02347024308466052,1338
2858794,28,80,17,888,347,0.03153153153153153,1013
2030976,28,29,5,450,124,0.06222222222222222,512
4958794,28,38,9,309,164,0.09061488673139159,384
901282,28,41,5,274,119,0.10218978102189781,348
4022701,27,250,75,3980,857,0.0067839195979899495,4332
405755,27,78,38,825,301,0.03272727272727273,968
3407883,27,44,21,649,213,0.04160246533127889,741
3461823,27,51,5,487,182,0.055441478439425054,570
3248072,27,33,11,277,142,0.09747292418772563,348
2982027,26,77,46,2439,663,0.01066010660106601,2588
4339722,26,124,65,1988,593,0.013078470824949699,2203
1646753,26,61,26,726,249,0.03581267217630854,839
2736436,26,39,21,618,141,0.042071197411003236,704
3381583,26,51,28,496,228,0.05241935483870968,601
3189935,26,45,12,416,179,0.0625,499
3880463,26,31,4,301,125,0.08637873754152824,362
2558244,25,205,67,2968,814,0.008423180592991913,3265
2158079,25,69,37,810,274,0.030864197530864196,941
4048584,25,47,25,712,304,0.0351123595505618,809
2778281,25,50,12,681,157,0.03671071953010279,768
2733371,25,33,15,474,205,0.052742616033755275,547
1474371,25,34,12,441,209,0.05668934240362812,512
1376358,25,21,12,398,170,0.06281407035175879,456
2194744,25,17,5,213,109,0.11737089201877934,260
58836,25,16,10,197,90,0.12690355329949238,248
804084,25,0,1,47,34,0.5319148936170213,73
3189162,24,84,22,1024,385,0.0234375,1154
3160926,24,48,43,995,343,0.024120603015075376,1110
2590256,24,90,29,626,193,0.038338658146964855,769
904454,24,36,18,306,167,0.0784313725490196,384
384755,23,127,67,2429,785,0.009468917249897077,2646
1792277,23,79,31,1039,404,0.02213666987487969,1172
4148053,23,26,22,781,319,0.029449423815621,852
3616520,23,54,17,672,177,0.03422619047619048,766
3604509,23,35,21,586,117,0.03924914675767918,665
1884322,23,45,6,393,204,0.058524173027989825,467
1521931,23,39,10,349,205,0.0659025787965616,421
1928278,23,35,15,327,191,0.07033639143730887,400
3441583,23,25,9,284,172,0.08098591549295775,341
1471163,23,27,6,273,102,0.08424908424908426,329
1023823,23,28,1,137,47,0.1678832116788321,189
957119,23,12,4,129,60,0.17829457364341086,168
772894,23,5,0,81,59,0.2839506172839506,109
154040,22,270,230,9333,1559,0.0023572270438229938,9855
4533189,22,60,23,867,292,0.025374855824682813,972
4874384,22,72,22,820,169,0.026829268292682926,936
2072473,22,66,27,720,185,0.030555555555555555,835
1548278,22,39,18,452,145,0.048672566371681415,531
1881956,22,30,9,433,131,0.050808314087759814,494
2296439,22,39,25,427,265,0.05152224824355972,513
4086613,22,33,11,377,155,0.058355437665782495,443
3177877,22,31,12,363,106,0.06060606060606061,428
2671397,22,33,5,362,90,0.06077348066298342,422
330316,22,34,10,330,138,0.06666666666666667,396
4095810,22,26,5,232,88,0.09482758620689655,285
2321836,22,15,3,136,64,0.16176470588235295,176
4284875,21,68,35,1491,363,0.014084507042253521,1615
4640311,21,56,35,788,241,0.0266497461928934,900
339580,21,26,6,375,131,0.056,428
2581941,21,30,9,333,115,0.06306306306306306,393
2558204,21,18,12,311,121,0.06752411575562701,362
1573465,21,35,4,233,104,0.09012875536480687,293
3669044,21,27,12,231,125,0.09090909090909091,291
970709,21,16,4,189,70,0.1111111111111111,230
2228184,20,100,45,1458,302,0.013717421124828532,1623
4882154,20,120,61,1349,319,0.014825796886582653,1550
3524510,20,92,27,1077,376,0.018570102135561744,1216
3673501,20,58,26,829,381,0.024125452352231604,933
360294,20,49,11,624,152,0.03205128205128205,704
4921805,20,25,25,452,147,0.04424778761061947,522
703487,20,21,2,347,103,0.05763688760806916,390
1813610,20,27,9,248,110,0.08064516129032258,304
2774299,20,27,6,237,136,0.08438818565400844,290
450901,20,26,11,222,124,0.09009009009009009,279
4169506,20,14,6,134,87,0.14925373134328357,174
1030192,20,0,1,15,17,1.3333333333333333,36
4697972,19,76,41,1043,333,0.01821668264621285,1179
1573426,19,35,19,797,224,0.02383939774153074,870
3459562,19,37,17,622,112,0.03054662379421222,695
2925160,19,49,12,602,165,0.03156146179401993,682
2872443,19,36,14,584,145,0.032534246575342464,653
3277224,19,50,13,491,263,0.038696537678207736,573
3500710,19,31,10,460,233,0.041304347826086954,520
2832009,19,32,2,392,177,0.04846938775510204,445
2290623,19,26,6,292,89,0.06506849315068493,343
4784134,19,27,10,278,126,0.0683453237410072,334
4763051,19,21,2,266,89,0.07142857142857142,308
3637084,19,8,4,253,106,0.07509881422924901,284
3430419,19,21,10,222,104,0.08558558558558559,272
3102419,18,90,74,1679,685,0.01072066706372841,1861
2342116,18,75,23,1014,332,0.01775147928994083,1130
3138705,18,62,24,900,346,0.02,1004
3108044,18,81,10,703,165,0.025604551920341393,812
4391936,18,51,24,590,186,0.030508474576271188,683
3398567,18,33,13,497,164,0.03621730382293763,561
2576484,18,28,12,350,134,0.05142857142857143,408
2436637,18,16,7,286,97,0.06293706293706294,327
722945,18,20,12,227,124,0.07929515418502203,277
1609467,18,15,9,222,73,0.08108108108108109,264
3087458,18,25,5,209,112,0.0861244019138756,257
3102560,18,10,7,204,66,0.08823529411764706,239
1127566,18,14,5,201,102,0.08955223880597014,238
428367,18,21,5,187,71,0.0962566844919786,231
2753808,18,18,3,184,66,0.09782608695652174,223
739426,18,20,2,180,111,0.1,220
672001,17,95,49,2494,666,0.00681635926222935,2655
941949,17,58,30,1152,228,0.014756944444444444,1257
4163659,17,110,38,1062,259,0.0160075329566855,1227
1817004,17,92,21,783,283,0.021711366538952746,913
4050612,17,55,16,734,165,0.02316076294277929,822
160181,17,14,6,211,77,0.08056872037914692,248
1936748,17,14,4,142,64,0.11971830985915492,177
750949,17,10,1,138,42,0.12318840579710146,166
1025720,17,11,2,122,44,0.13934426229508196,152
2794147,17,24,10,117,70,0.1452991452991453,168
1404020,17,0,0,11,17,1.5454545454545454,28
3579754,16,44,43,847,222,0.018890200708382526,950
4794845,16,38,12,550,133,0.02909090909090909,616
155172,16,39,12,437,209,0.036613272311212815,504
1154246,16,36,29,394,208,0.04060913705583756,475
4804883,16,20,3,243,122,0.06584362139917696,282
3619575,16,16,5,242,72,0.06611570247933884,279
3253210,16,15,3,232,126,0.06896551724137931,266
4138583,16,35,6,228,103,0.07017543859649122,285
876318,16,12,5,161,80,0.09937888198757763,194
4285553,16,15,7,141,79,0.11347517730496454,179
1689352,16,13,1,138,77,0.11594202898550725,168
1421972,16,0,0,21,29,0.7619047619047619,37
4576874,15,39,39,710,269,0.02112676056338028,803
2877672,15,55,30,632,305,0.023734177215189875,732
72526,15,42,22,566,211,0.026501766784452298,645
2891408,15,36,7,494,155,0.030364372469635626,552
339305,15,33,17,485,334,0.030927835051546393,550
146830,15,19,16,281,142,0.05338078291814947,331
2154669,15,15,11,205,112,0.07317073170731707,246
863375,15,15,4,128,79,0.1171875,162
3415144,15,10,3,126,59,0.11904761904761904,154
1582197,15,11,5,101,65,0.1485148514851485,132
990723,15,1,0,58,8,0.25862068965517243,74
3283188,15,0,0,50,12,0.3,65
383749,14,52,34,1088,182,0.012867647058823529,1188
3673049,14,49,10,730,120,0.019178082191780823,803
338646,14,43,24,571,221,0.024518388791593695,652
1231891,14,36,26,415,139,0.033734939759036145,491
4308141,14,34,17,337,221,0.04154302670623145,402
3232473,14,22,12,307,124,0.04560260586319218,355
4276787,14,25,13,229,120,0.0611353711790393,281
1297992,14,20,6,226,75,0.061946902654867256,266
2394030,14,29,11,217,102,0.06451612903225806,271
5046132,14,11,2,136,78,0.10294117647058823,163
1829804,14,6,3,134,40,0.1044776119402985,157
895939,14,9,4,121,45,0.11570247933884298,148
1780495,14,7,8,109,40,0.12844036697247707,138
3077776,14,4,3,106,60,0.1320754716981132,127
1964754,14,5,5,83,48,0.1686746987951807,107
2462567,13,83,38,2115,402,0.006146572104018913,2249
3800818,13,21,21,660,164,0.019696969696969695,715
1288487,13,31,32,659,114,0.019726858877086494,735
2321441,13,29,14,546,228,0.023809523809523808,602
4602841,13,47,10,536,235,0.024253731343283583,606
1102540,13,68,13,513,209,0.025341130604288498,607
3962843,13,16,15,348,98,0.03735632183908046,392
611849,13,51,15,325,121,0.04,404
1158475,13,23,3,316,73,0.04113924050632911,355
1884568,13,19,11,239,116,0.05439330543933055,282
796856,13,29,12,201,88,0.06467661691542288,255
2896142,13,17,1,199,69,0.06532663316582915,230
1368970,13,7,2,165,32,0.07878787878787878,187
466400,13,14,3,159,56,0.08176100628930817,189
2739327,13,8,10,151,68,0.08609271523178808,182
4715650,13,14,3,147,63,0.08843537414965986,177
3483675,13,21,15,146,49,0.08904109589041095,195
2085893,13,20,8,135,85,0.0962962962962963,176
3922126,13,14,3,130,34,0.1,160
1628657,13,8,4,128,67,0.1015625,153
542584,13,20,4,98,48,0.1326530612244898,135
737184,12,77,68,2130,906,0.005633802816901409,2287
983613,12,50,48,1089,314,0.011019283746556474,1199
171529,12,31,38,794,318,0.015113350125944584,875
1729993,12,23,16,656,154,0.018292682926829267,707
2827444,12,41,21,610,215,0.019672131147540985,684
3736316,12,34,24,395,224,0.030379746835443037,465
4444302,12,25,10,370,97,0.032432432432432434,417
2322253,12,14,4,347,121,0.0345821325648415,377
2366905,12,11,16,335,81,0.03582089552238806,374
3351726,12,41,21,306,105,0.0392156862745098,380
3378887,12,31,10,304,100,0.039473684210526314,357
1691699,12,8,10,288,101,0.041666666666666664,318
551706,12,20,12,253,126,0.04743083003952569,297
2370324,12,20,7,213,72,0.056338028169014086,252
767106,12,26,9,211,128,0.05687203791469194,258
286229,12,16,5,196,111,0.061224489795918366,229
2218582,12,22,7,186,54,0.06451612903225806,227
4006013,12,24,7,182,88,0.06593406593406594,225
569703,12,19,11,177,102,0.06779661016949153,219
55312,12,15,5,137,46,0.08759124087591241,169
1572948,12,9,5,128,59,0.09375,154
4331400,12,18,9,122,76,0.09836065573770492,161
5063923,12,13,0,122,80,0.09836065573770492,147
3730378,12,7,1,81,48,0.14814814814814814,101
4989387,12,5,1,77,35,0.15584415584415584,95
2025483,12,2,1,74,22,0.16216216216216217,89
685988,12,8,1,60,35,0.2,81
3220984,12,7,1,41,39,0.2926829268292683,61
2419959,11,30,32,1145,256,0.00960698689956332,1218
1994940,11,63,13,1104,259,0.009963768115942028,1191
3566034,11,39,32,533,127,0.020637898686679174,615
1349634,11,36,11,478,262,0.02301255230125523,536
3112817,11,42,29,469,196,0.023454157782515993,551
3860845,11,23,9,412,85,0.02669902912621359,455
4834913,11,31,6,405,151,0.027160493827160494,453
3879308,11,47,10,393,107,0.027989821882951654,461
2533863,11,43,15,358,212,0.030726256983240222,427
359388,11,41,10,350,144,0.03142857142857143,412
3400167,11,17,6,312,104,0.035256410256410256,346
3999977,11,13,14,282,50,0.03900709219858156,320
4633953,11,29,11,282,170,0.03900709219858156,333
1249761,11,18,5,278,110,0.039568345323741004,312
1046047,11,25,11,272,99,0.04044117647058824,319
4470576,11,13,4,237,79,0.046413502109704644,265
3530487,11,17,5,217,67,0.05069124423963134,250
1689624,11,30,2,214,67,0.0514018691588785,257
3740459,11,25,7,208,65,0.052884615384615384,251
854059,11,6,8,204,62,0.05392156862745098,229
2632873,11,5,4,193,114,0.05699481865284974,213
3422001,11,17,2,159,59,0.06918238993710692,189
3164550,11,15,3,137,82,0.08029197080291971,166
2407396,11,16,8,129,84,0.08527131782945736,164
1506018,11,10,6,116,62,0.09482758620689655,143
5099474,11,8,8,94,46,0.11702127659574468,121
4294583,11,9,3,93,52,0.11827956989247312,116
2989452,11,5,6,92,32,0.11956521739130435,114
4392650,11,8,3,87,30,0.12643678160919541,109
4164234,11,5,2,86,36,0.12790697674418605,104
3248864,11,10,1,76,38,0.14473684210526316,98
3435808,11,11,1,69,36,0.15942028985507245,92
1781126,11,0,0,2,10,5.5,13
344833,10,51,69,1885,279,0.005305039787798408,2015
1061857,10,76,23,1558,290,0.006418485237483954,1667
886203,10,97,27,1401,423,0.007137758743754461,1535
4962280,10,67,32,1399,480,0.007147962830593281,1508
4580532,10,23,25,795,77,0.012578616352201259,853
3208959,10,35,36,721,283,0.013869625520110958,802
267209,10,62,16,630,134,0.015873015873015872,718
4458428,10,46,21,547,188,0.018281535648994516,624
2702525,10,49,28,484,212,0.02066115702479339,571
590997,10,39,13,447,158,0.02237136465324385,509
2303546,10,38,12,437,256,0.02288329519450801,497
1008362,10,30,19,420,183,0.023809523809523808,479
1722855,10,12,13,412,132,0.024271844660194174,447
4238676,10,51,16,395,148,0.02531645569620253,472
3790396,10,8,6,387,104,0.025839793281653745,411
2940518,10,45,24,360,152,0.027777777777777776,439
4639855,10,25,10,340,128,0.029411764705882353,385
3209590,10,27,8,304,156,0.03289473684210526,349
1281171,10,25,35,284,77,0.035211267605633804,354
4969568,10,27,3,249,73,0.040160642570281124,289
2515942,10,4,2,203,50,0.04926108374384237,219
446701,10,32,2,196,85,0.05102040816326531,240
845650,10,12,5,178,62,0.056179775280898875,205
4897718,10,19,9,173,82,0.057803468208092484,211
4565874,10,28,6,170,92,0.058823529411764705,214
3455617,10,9,4,153,88,0.06535947712418301,176
1528133,10,10,4,130,54,0.07692307692307693,154
3985610,10,7,7,123,73,0.08130081300813008,147
4238377,10,13,7,123,68,0.08130081300813008,153
5008221,10,17,5,113,64,0.08849557522123894,145
4286569,10,9,5,94,60,0.10638297872340426,118
2875366,10,9,2,80,38,0.125,101
2972679,10,3,2,80,44,0.125,95
2977465,10,5,0,63,39,0.15873015873015872,78
3054014,10,3,1,54,25,0.18518518518518517,68
4954200,10,2,2,40,15,0.25,54
3844144,9,79,32,948,299,0.00949367088607595,1068
84264,9,58,24,876,214,0.010273972602739725,967
1312642,9,52,16,839,176,0.010727056019070322,916
2304296,9,47,8,620,130,0.014516129032258065,684
4135836,9,30,31,532,154,0.016917293233082706,602
4936889,9,31,18,499,229,0.018036072144288578,557
2732466,9,13,14,320,99,0.028125,356
3664107,9,31,15,318,233,0.02830188679245283,373
181182,9,20,3,301,121,0.029900332225913623,333
3343095,9,9,11,244,57,0.036885245901639344,273
4817527,9,21,12,232,129,0.03879310344827586,274
4894095,9,15,7,228,100,0.039473684210526314,259
3794706,9,14,2,225,75,0.04,250
2191219,9,13,4,222,47,0.04054054054054054,248
3081594,9,18,8,216,100,0.041666666666666664,251
4334077,9,12,3,180,52,0.05,204
3829421,9,14,4,178,85,0.05056179775280899,205
1528701,9,24,5,177,69,0.05084745762711865,215
2311290,9,14,7,167,90,0.05389221556886228,197
1875258,9,24,13,166,83,0.05421686746987952,212
4350978,9,10,2,152,69,0.05921052631578947,173
3118167,9,12,3,149,51,0.06040268456375839,173
4877478,9,18,8,145,55,0.06206896551724138,180
4197505,9,10,0,132,66,0.06818181818181818,151
4789674,9,15,3,132,72,0.06818181818181818,159
2156156,9,12,5,121,72,0.0743801652892562,147
4762182,9,9,4,119,44,0.07563025210084033,141
1338377,9,9,12,118,60,0.07627118644067797,148
2651305,9,17,2,117,53,0.07692307692307693,145
3123187,9,15,11,110,75,0.08181818181818182,145
3995452,9,11,2,106,50,0.08490566037735849,128
3354186,9,15,1,105,63,0.08571428571428572,130
3980900,9,7,6,103,59,0.08737864077669903,125
2862512,9,8,5,102,49,0.08823529411764706,124
4540978,9,12,3,98,59,0.09183673469387756,122
721664,9,9,2,95,58,0.09473684210526316,115
4220691,9,10,3,91,40,0.0989010989010989,113
3912910,9,5,3,85,34,0.10588235294117647,102
564681,9,4,4,83,27,0.10843373493975904,100
1807584,9,7,3,83,32,0.10843373493975904,102
2310649,9,3,0,74,15,0.12162162162162163,86
3715529,9,13,2,73,45,0.1232876712328767,97
2883724,9,2,3,65,31,0.13846153846153847,79
2103768,9,6,0,60,31,0.15,75
3264833,9,9,0,45,29,0.2,63
194104,9,0,1,19,21,0.47368421052631576,29
257793,9,0,1,1,9,9.0,11
2923285,9,0,0,0,9,,9
1397912,8,87,37,1687,362,0.004742145820983995,1819
2693696,8,58,31,1044,356,0.007662835249042145,1141
772629,8,66,22,860,260,0.009302325581395349,956
3805065,8,13,15,586,65,0.013651877133105802,622
4708262,8,31,20,556,269,0.014388489208633094,615
4901188,8,60,20,542,243,0.014760147601476014,630
1050007,8,46,9,477,105,0.016771488469601678,540
3354571,8,23,11,409,174,0.019559902200488997,451
3320579,8,24,9,384,100,0.020833333333333332,425
4298656,8,30,20,338,200,0.023668639053254437,396
4015820,8,23,9,325,99,0.024615384615384615,365
163196,8,27,8,297,89,0.026936026936026935,340
4152994,8,18,6,284,82,0.028169014084507043,316
873792,8,10,6,275,85,0.02909090909090909,299
2837163,8,9,9,255,78,0.03137254901960784,281
4915680,8,25,17,242,121,0.03305785123966942,292
4188178,8,9,4,233,71,0.034334763948497854,254
2815065,8,20,8,220,96,0.03636363636363636,256
1611144,8,25,4,205,79,0.03902439024390244,242
383530,8,20,15,188,76,0.0425531914893617,231
1842993,8,15,2,181,56,0.04419889502762431,206
2644878,8,17,6,171,72,0.04678362573099415,202
838946,8,9,9,167,55,0.04790419161676647,193
690811,8,10,1,165,65,0.048484848484848485,184
2604507,8,15,2,163,73,0.049079754601226995,188
4853207,8,14,13,162,75,0.04938271604938271,197
3796207,8,14,5,158,87,0.05063291139240506,185
1733868,8,9,2,157,53,0.050955414012738856,176
3536601,8,10,0,138,25,0.057971014492753624,156
583485,8,7,3,132,36,0.06060606060606061,150
2393184,8,10,8,130,49,0.06153846153846154,156
4718907,8,14,9,122,48,0.06557377049180328,153
1669167,8,6,3,116,53,0.06896551724137931,133
815311,8,14,4,115,59,0.06956521739130435,141
1963052,8,12,2,115,72,0.06956521739130435,137
3155703,8,12,5,114,64,0.07017543859649122,139
3935940,8,10,4,101,53,0.07920792079207921,123
3160684,8,15,3,100,47,0.08,126
4167298,8,10,2,92,31,0.08695652173913043,112
940822,8,9,4,89,34,0.0898876404494382,110
344221,8,9,4,86,35,0.09302325581395349,107
1416713,8,12,4,83,32,0.0963855421686747,107
4537973,8,9,2,80,27,0.1,99
2208169,8,3,0,78,21,0.10256410256410256,89
1990869,8,4,4,75,42,0.10666666666666667,91
1914382,8,15,1,72,39,0.1111111111111111,96
4069129,8,7,1,71,16,0.11267605633802817,87
3627351,8,5,4,70,22,0.11428571428571428,87
2812445,8,10,3,69,35,0.11594202898550725,90
3742652,8,7,1,64,30,0.125,80
3343024,8,13,6,63,39,0.12698412698412698,90
3461439,8,5,5,60,33,0.13333333333333333,78
322805,8,10,11,57,47,0.14035087719298245,86
63690,8,0,1,54,24,0.14814814814814814,63
2023387,8,7,1,53,41,0.1509433962264151,69
316352,8,1,1,52,19,0.15384615384615385,62
2158870,8,12,2,50,29,0.16,72
3206451,8,3,4,47,22,0.1702127659574468,62
3724091,8,7,1,46,29,0.17391304347826086,62
2225310,8,4,0,34,20,0.23529411764705882,46
3900668,8,1,0,34,15,0.23529411764705882,43
1019260,8,9,1,32,26,0.25,50
375240,8,0,0,18,15,0.4444444444444444,26
1275696,7,35,42,1343,401,0.0052122114668652275,1427
2892802,7,67,33,1005,287,0.006965174129353234,1112
4151801,7,24,17,963,166,0.007268951194184839,1011
1068933,7,62,27,641,194,0.0109204368174727,737
553365,7,55,28,545,118,0.012844036697247707,635
2459106,7,30,5,441,125,0.015873015873015872,483
1125862,7,23,12,438,159,0.01598173515981735,480
2725426,7,30,12,375,157,0.018666666666666668,424
4098232,7,26,14,362,87,0.019337016574585635,409
2964603,7,29,9,352,75,0.019886363636363636,397
4267003,7,18,5,293,77,0.023890784982935155,323
431452,7,21,6,265,73,0.026415094339622643,299
4310023,7,47,8,265,97,0.026415094339622643,327
2433095,7,24,17,248,127,0.028225806451612902,296
865039,7,8,6,247,78,0.02834008097165992,268
65362,7,14,7,227,87,0.030837004405286344,255
2106073,7,9,10,226,100,0.030973451327433628,252
1431810,7,14,4,215,100,0.03255813953488372,240
2195789,7,22,5,204,68,0.03431372549019608,238
4498047,7,17,6,204,70,0.03431372549019608,234
3779369,7,8,1,195,48,0.035897435897435895,211
3767409,7,11,6,192,104,0.036458333333333336,216
3924783,7,14,10,184,62,0.03804347826086957,215
2489066,7,13,11,183,88,0.03825136612021858,214
841696,7,13,0,173,70,0.04046242774566474,193
2241047,7,15,4,170,88,0.041176470588235294,196
5028877,7,19,7,162,47,0.043209876543209874,195
1104592,7,18,8,149,75,0.04697986577181208,182
757910,7,18,7,146,70,0.04794520547945205,178
1711596,7,11,8,144,24,0.04861111111111111,170
4868797,7,8,1,142,41,0.04929577464788732,158
927764,7,15,5,137,68,0.051094890510948905,164
1620537,7,10,4,133,93,0.05263157894736842,154
3177764,7,12,10,129,43,0.05426356589147287,158
3456641,7,10,4,127,66,0.05511811023622047,148
3214361,7,11,3,121,43,0.05785123966942149,142
4282651,7,8,4,114,54,0.06140350877192982,133
2863168,7,23,2,112,25,0.0625,144
2204097,7,6,3,111,34,0.06306306306306306,127
389704,7,11,8,105,31,0.06666666666666667,131
3667321,7,8,0,103,25,0.06796116504854369,118
810632,7,11,3,99,53,0.0707070707070707,120
2951233,7,12,3,97,40,0.07216494845360824,119
522951,7,11,2,95,74,0.07368421052631578,115
960102,7,11,2,94,49,0.07446808510638298,114
1258177,7,8,0,91,36,0.07692307692307693,106
1422474,7,9,7,89,37,0.07865168539325842,112
2426236,7,6,2,89,42,0.07865168539325842,104
5008466,7,8,5,88,29,0.07954545454545454,108
3632786,7,2,5,75,38,0.09333333333333334,89
2253970,7,4,4,73,29,0.0958904109589041,88
1601543,7,4,6,72,43,0.09722222222222222,89
4482419,7,9,2,67,51,0.1044776119402985,85
3902231,7,11,1,64,48,0.109375,83
4119922,7,5,2,51,36,0.13725490196078433,65
1366688,7,5,0,50,13,0.14,62
3897386,7,7,2,47,24,0.14893617021276595,63
4321228,7,7,1,42,28,0.16666666666666666,57
1508018,7,10,1,39,18,0.1794871794871795,57
3289997,7,6,1,39,11,0.1794871794871795,53
5125081,7,5,2,32,17,0.21875,46
2165636,7,1,1,30,19,0.23333333333333334,39
1803510,7,0,0,10,2,0.7,17
2925636,7,1,1,10,10,0.7,19
2181935,6,51,15,972,328,0.006172839506172839,1044
3855599,6,41,40,846,212,0.0070921985815602835,933
1505776,6,47,11,583,112,0.010291595197255575,647
4130426,6,33,16,381,130,0.015748031496062992,436
4282670,6,31,9,380,111,0.015789473684210527,426
2626421,6,32,10,353,92,0.0169971671388102,401
4355436,6,18,11,352,63,0.017045454545454544,387
2202384,6,17,13,332,126,0.018072289156626505,368
3303026,6,26,9,319,117,0.018808777429467086,360
643645,6,15,1,294,80,0.02040816326530612,316
2331312,6,31,10,274,115,0.021897810218978103,321
2479420,6,14,14,274,79,0.021897810218978103,308
4273662,6,19,6,274,80,0.021897810218978103,305
3253357,6,23,15,270,88,0.022222222222222223,314
1354236,6,13,4,266,77,0.022556390977443608,289
5063620,6,27,10,258,135,0.023255813953488372,301
245030,6,11,13,246,97,0.024390243902439025,276
284968,6,10,6,243,92,0.024691358024691357,265
4418144,6,9,8,243,62,0.024691358024691357,266
3274258,6,17,13,234,80,0.02564102564102564,270
2157356,6,24,9,221,89,0.027149321266968326,260
1391195,6,18,6,209,32,0.028708133971291867,239
856718,6,19,10,182,107,0.03296703296703297,217
3973395,6,17,2,180,61,0.03333333333333333,205
2425725,6,14,9,178,83,0.033707865168539325,207
243423,6,10,2,173,92,0.03468208092485549,191
542908,6,19,5,171,40,0.03508771929824561,201
4027003,6,3,3,169,22,0.03550295857988166,181
1462446,6,12,3,157,52,0.03821656050955414,178
4966058,6,9,12,147,32,0.04081632653061224,174
476283,6,13,3,144,75,0.041666666666666664,166
3933554,6,4,2,144,57,0.041666666666666664,156
668498,6,6,7,137,47,0.043795620437956206,156
1737857,6,10,6,134,54,0.04477611940298507,156
2020240,6,18,4,128,65,0.046875,156
1420205,6,8,1,123,51,0.04878048780487805,138
3090850,6,17,1,116,80,0.05172413793103448,140
2409814,6,8,4,114,62,0.05263157894736842,132
3228699,6,7,5,114,40,0.05263157894736842,132
949648,6,7,1,111,61,0.05405405405405406,125
3419760,6,18,2,111,52,0.05405405405405406,137
4121221,6,10,5,111,48,0.05405405405405406,132
3001296,6,7,4,105,57,0.05714285714285714,122
4627820,6,12,4,103,51,0.05825242718446602,125
3729292,6,6,1,92,32,0.06521739130434782,105
3416804,6,3,4,90,29,0.06666666666666667,103
2988293,6,1,4,87,9,0.06896551724137931,98
893651,6,9,3,80,42,0.075,98
358773,6,8,1,79,47,0.0759493670886076,94
3405071,6,6,1,79,26,0.0759493670886076,92
3454970,6,13,2,79,46,0.0759493670886076,100
1320782,6,10,5,77,22,0.07792207792207792,98
2259994,6,9,1,73,23,0.0821917808219178,89
800190,6,5,0,70,13,0.08571428571428572,81
2066743,6,7,4,69,30,0.08695652173913043,86
2276883,6,6,1,65,29,0.09230769230769231,78
1783423,6,6,1,63,25,0.09523809523809523,76
972597,6,5,4,61,29,0.09836065573770492,76
2155313,6,5,1,59,24,0.1016949152542373,71
970338,6,11,0,58,22,0.10344827586206896,75
3653910,6,5,3,57,25,0.10526315789473684,71
5057769,6,1,6,57,14,0.10526315789473684,70
4181817,6,0,2,48,17,0.125,56
2730467,6,4,1,47,26,0.1276595744680851,58
5028478,6,5,2,47,26,0.1276595744680851,60
4317228,6,7,0,46,29,0.13043478260869565,59
138081,6,4,2,44,32,0.13636363636363635,56
2777825,6,7,1,44,16,0.13636363636363635,58
2729610,6,4,1,43,19,0.13953488372093023,54
1198404,6,6,1,42,21,0.14285714285714285,55
3188631,6,9,2,42,41,0.14285714285714285,59
1023710,6,0,0,41,25,0.14634146341463414,47
67918,6,2,2,38,26,0.15789473684210525,48
1109050,6,2,0,38,21,0.15789473684210525,46
4456596,6,3,1,37,34,0.16216216216216217,47
2512193,6,2,1,36,29,0.16666666666666666,45
2914440,6,7,2,35,16,0.17142857142857143,50
2678170,6,7,0,32,20,0.1875,45
2626490,6,3,0,31,11,0.1935483870967742,40
307943,6,4,1,29,17,0.20689655172413793,40
1461887,6,3,2,24,19,0.25,35
1674316,6,2,0,22,11,0.2727272727272727,30
937781,6,3,1,20,18,0.3,30
3901193,6,0,0,0,3,,6
4173315,5,107,67,2541,651,0.0019677292404565133,2720
1467750,5,71,23,1200,395,0.004166666666666667,1299
3312150,5,18,7,561,123,0.008912655971479501,591
3340725,5,25,19,557,209,0.008976660682226212,606
401357,5,30,26,513,160,0.009746588693957114,574
1807416,5,34,15,512,177,0.009765625,566
323851,5,27,6,448,167,0.011160714285714286,486
4203730,5,21,10,416,121,0.01201923076923077,452
2361828,5,38,13,414,168,0.012077294685990338,470
1165503,5,17,10,388,134,0.01288659793814433,420
3681810,5,15,8,376,93,0.013297872340425532,404
3904106,5,20,13,363,119,0.013774104683195593,401
4869428,5,48,26,363,112,0.013774104683195593,442
2440364,5,13,6,308,49,0.016233766233766232,332
448398,5,21,19,255,108,0.0196078431372549,300
1090997,5,13,12,254,39,0.01968503937007874,284
4062559,5,28,23,249,87,0.020080321285140562,305
4512393,5,21,5,235,96,0.02127659574468085,266
1988433,5,10,4,228,58,0.021929824561403508,247
2154867,5,4,5,226,89,0.022123893805309734,240
2672762,5,8,8,220,65,0.022727272727272728,241
1419417,5,12,9,218,55,0.022935779816513763,244
223690,5,18,6,217,64,0.02304147465437788,246
401765,5,8,5,217,99,0.02304147465437788,235
3695050,5,13,0,216,67,0.023148148148148147,234
1278525,5,20,4,210,47,0.023809523809523808,239
3768664,5,12,2,209,59,0.023923444976076555,228
2878148,5,30,9,202,81,0.024752475247524754,246
1943989,5,18,6,200,107,0.025,229
5144469,5,23,9,200,72,0.025,237
2612027,5,20,8,196,99,0.025510204081632654,229
724320,5,11,9,181,50,0.027624309392265192,206
3490970,5,8,6,174,55,0.028735632183908046,193
4684862,5,14,7,173,96,0.028901734104046242,199
4583654,5,13,9,167,137,0.029940119760479042,194
582243,5,8,3,156,41,0.03205128205128205,172
4621949,5,13,6,156,55,0.03205128205128205,180
1730594,5,21,3,153,83,0.032679738562091505,182
1868423,5,3,8,153,66,0.032679738562091505,169
3504022,5,8,3,153,78,0.032679738562091505,169
1014564,5,8,1,150,64,0.03333333333333333,164
1277731,5,8,3,148,45,0.033783783783783786,164
1429156,5,7,6,143,87,0.03496503496503497,161
4848899,5,6,1,132,50,0.03787878787878788,144
1168596,5,16,1,130,45,0.038461538461538464,152
2301954,5,7,3,129,67,0.03875968992248062,144
3867633,5,3,2,120,36,0.041666666666666664,130
4160459,5,6,1,120,45,0.041666666666666664,132
3937192,5,6,3,116,63,0.04310344827586207,130
3497230,5,10,5,112,58,0.044642857142857144,132
2452793,5,17,3,110,35,0.045454545454545456,135
2092246,5,10,4,109,44,0.045871559633027525,128
3409740,5,7,2,108,62,0.046296296296296294,122
620409,5,10,6,107,46,0.04672897196261682,128
3797203,5,13,3,103,33,0.04854368932038835,124
4871255,5,8,5,103,36,0.04854368932038835,121
1829221,5,8,5,102,41,0.049019607843137254,120
1286537,5,19,16,101,50,0.04950495049504951,141
4003932,5,7,3,101,54,0.04950495049504951,116
2881542,5,8,5,94,32,0.05319148936170213,112
3993644,5,3,2,94,46,0.05319148936170213,104
4241245,5,5,5,93,33,0.053763440860215055,108
902410,5,4,2,90,36,0.05555555555555555,101
5134623,5,8,1,82,22,0.06097560975609756,96
380289,5,8,1,80,37,0.0625,94
2221749,5,16,3,80,50,0.0625,104
4129924,5,16,4,80,46,0.0625,105
794153,5,5,0,79,21,0.06329113924050633,89
1010656,5,5,2,79,31,0.06329113924050633,91
1587961,5,1,2,79,40,0.06329113924050633,87
257909,5,9,3,78,20,0.0641025641025641,95
3940193,5,6,1,78,23,0.0641025641025641,90
4464320,5,10,2,78,41,0.0641025641025641,95
2240104,5,14,3,76,41,0.06578947368421052,98
3544014,5,8,3,76,39,0.06578947368421052,92
2846152,5,9,1,74,24,0.06756756756756757,89
1653613,5,4,6,72,26,0.06944444444444445,87
4387956,5,10,2,72,31,0.06944444444444445,89
4223012,5,9,2,71,26,0.07042253521126761,87
3141941,5,4,0,70,24,0.07142857142857142,79
3879559,5,1,0,70,15,0.07142857142857142,76
5120683,5,8,5,70,33,0.07142857142857142,88
1730376,5,5,3,69,27,0.07246376811594203,82
4669265,5,4,2,68,31,0.07352941176470588,79
2124307,5,7,1,66,36,0.07575757575757576,79
2952458,5,3,0,65,36,0.07692307692307693,73
552733,5,2,0,63,6,0.07936507936507936,70
2419332,5,9,0,63,35,0.07936507936507936,77
2466971,5,5,1,63,33,0.07936507936507936,74
1609851,5,10,2,62,37,0.08064516129032258,79
1717476,5,10,2,61,40,0.08196721311475409,78
3814016,5,5,2,60,28,0.08333333333333333,72
4370528,5,3,6,58,29,0.08620689655172414,72
4544118,5,8,1,57,19,0.08771929824561403,71
2740569,5,13,0,56,24,0.08928571428571429,74
2609569,5,9,0,55,17,0.09090909090909091,69
2204852,5,2,3,52,41,0.09615384615384616,62
2865017,5,4,0,52,27,0.09615384615384616,61
4334671,5,8,1,51,15,0.09803921568627451,65
2729260,5,1,0,50,20,0.1,56
3053420,5,7,2,50,40,0.1,64
4563628,5,4,4,47,32,0.10638297872340426,60
4817379,5,6,0,47,15,0.10638297872340426,58
2733586,5,4,1,46,29,0.10869565217391304,56
2169876,5,3,0,45,19,0.1111111111111111,53
5041265,5,1,4,43,8,0.11627906976744186,53
4257541,5,3,0,42,16,0.11904761904761904,50
5091223,5,10,1,41,23,0.12195121951219512,57
1539964,5,0,3,34,18,0.14705882352941177,42
3648733,5,1,1,34,21,0.14705882352941177,41
4223213,5,3,2,33,11,0.15151515151515152,43
481876,5,1,1,32,24,0.15625,39
3735942,5,2,0,32,26,0.15625,39
445307,5,6,1,29,11,0.1724137931034483,41
4564007,5,1,1,28,16,0.17857142857142858,35
1173843,5,0,0,27,20,0.18518518518518517,32
2100611,5,4,0,27,20,0.18518518518518517,36
3449559,5,4,1,25,12,0.2,35
416088,5,2,0,24,18,0.20833333333333334,31
980785,5,2,5,23,18,0.21739130434782608,35
3706169,5,4,0,22,12,0.22727272727272727,31
4352893,5,4,0,22,7,0.22727272727272727,31
1207256,5,3,1,20,19,0.25,29
4596941,5,1,0,16,12,0.3125,22
820727,5,5,0,13,15,0.38461538461538464,23
3154837,5,1,1,11,7,0.45454545454545453,18
4378501,5,2,0,11,10,0.45454545454545453,18
764558,5,1,0,8,8,0.625,14
2700588,5,0,0,7,4,0.7142857142857143,12
2443475,5,0,0,2,7,2.5,7
1712001,5,0,0,1,5,5.0,6
4476428,4,26,25,695,206,0.0057553956834532375,750
1488813,4,36,41,692,172,0.005780346820809248,773
2293367,4,20,16,489,146,0.0081799591002045,529
3194735,4,8,24,311,85,0.012861736334405145,347
4847838,4,20,10,295,73,0.013559322033898305,329
2924150,4,13,6,236,98,0.01694915254237288,259
4780547,4,17,8,225,109,0.017777777777777778,254
2156574,4,13,7,215,54,0.018604651162790697,239
3425094,4,12,14,215,93,0.018604651162790697,245
922189,4,20,5,198,107,0.020202020202020204,227
4338287,4,14,9,197,78,0.02030456852791878,224
605882,4,9,6,194,60,0.020618556701030927,213
1013319,4,12,2,190,73,0.021052631578947368,208
1089685,4,28,9,182,65,0.02197802197802198,223
1277467,4,26,8,179,58,0.0223463687150838,217
2256028,4,9,8,173,43,0.023121387283236993,194
2540093,4,21,6,171,66,0.023391812865497075,202
3392099,4,10,7,163,78,0.024539877300613498,184
1929875,4,18,6,160,75,0.025,188
4292119,4,12,6,159,47,0.025157232704402517,181
3075521,4,16,6,158,107,0.02531645569620253,184
321567,4,18,11,156,104,0.02564102564102564,189
4869837,4,7,5,155,40,0.025806451612903226,171
3367924,4,11,4,154,53,0.025974025974025976,173
2948269,4,11,7,152,28,0.02631578947368421,174
3909718,4,16,2,151,63,0.026490066225165563,173
3448250,4,11,2,149,39,0.026845637583892617,166
1331853,4,18,10,146,58,0.0273972602739726,178
3679920,4,4,5,146,29,0.0273972602739726,159
274067,4,6,7,143,69,0.027972027972027972,160
2994558,4,4,1,141,33,0.028368794326241134,150
4826471,4,11,2,141,58,0.028368794326241134,158
2201685,4,10,2,140,76,0.02857142857142857,156
3675758,4,16,9,139,97,0.02877697841726619,168
90791,4,12,7,135,37,0.02962962962962963,158
1447685,4,16,5,131,53,0.030534351145038167,156
4222240,4,10,0,131,42,0.030534351145038167,145
4121590,4,12,5,126,41,0.031746031746031744,147
3957883,4,6,0,124,17,0.03225806451612903,134
2591545,4,7,5,120,56,0.03333333333333333,136
283996,4,10,5,117,57,0.03418803418803419,136
393045,4,9,0,117,71,0.03418803418803419,130
989763,4,17,1,116,26,0.034482758620689655,138
2975713,4,21,0,116,37,0.034482758620689655,141
2004007,4,5,1,109,23,0.03669724770642202,119
1872294,4,15,8,108,58,0.037037037037037035,135
3132593,4,3,0,108,45,0.037037037037037035,115
58498,4,7,5,107,47,0.037383177570093455,123
1610764,4,11,0,104,56,0.038461538461538464,119
2337395,4,1,5,103,31,0.038834951456310676,113
128357,4,9,2,102,43,0.0392156862745098,117
715319,4,10,4,101,53,0.039603960396039604,119
269606,4,16,0,98,15,0.04081632653061224,118
2738312,4,10,3,98,30,0.04081632653061224,115
2631608,4,6,3,97,26,0.041237113402061855,110
4434812,4,7,0,95,40,0.042105263157894736,106
4615962,4,7,1,95,27,0.042105263157894736,107
4813803,4,7,0,94,24,0.0425531914893617,105
2721770,4,7,2,89,37,0.0449438202247191,102
4827537,4,4,0,85,27,0.047058823529411764,93
4956748,4,4,0,85,35,0.047058823529411764,93
882707,4,9,3,84,42,0.047619047619047616,100
3791831,4,11,5,84,40,0.047619047619047616,104
4302328,4,9,6,84,50,0.047619047619047616,103
226341,4,4,4,81,46,0.04938271604938271,93
4468927,4,7,1,81,25,0.04938271604938271,93
1867533,4,13,2,80,37,0.05,99
3952744,4,14,1,78,46,0.05128205128205128,97
880704,4,4,0,76,28,0.05263157894736842,84
2145555,4,4,3,76,31,0.05263157894736842,87
4519460,4,7,1,76,36,0.05263157894736842,88
165035,4,8,3,75,25,0.05333333333333334,90
1171434,4,7,0,75,24,0.05333333333333334,86
2562909,4,3,2,75,23,0.05333333333333334,84
937407,4,6,0,74,12,0.05405405405405406,84
898327,4,4,1,73,50,0.0547945205479452,82
1415279,4,2,2,72,28,0.05555555555555555,80
3879225,4,8,7,72,29,0.05555555555555555,91
1274818,4,3,9,71,37,0.056338028169014086,87
2089582,4,4,0,71,45,0.056338028169014086,79
1846937,4,3,2,70,38,0.05714285714285714,79
3985474,4,4,2,69,36,0.057971014492753624,79
3369303,4,4,1,68,41,0.058823529411764705,77
1305897,4,12,2,67,19,0.05970149253731343,85
420556,4,5,0,66,16,0.06060606060606061,75
5041153,4,6,1,66,27,0.06060606060606061,77
317647,4,2,1,64,30,0.0625,71
1113817,4,0,1,61,22,0.06557377049180328,66
2553450,4,6,2,61,35,0.06557377049180328,73
4611962,4,6,1,61,29,0.06557377049180328,72
642223,4,6,4,60,23,0.06666666666666667,74
890050,4,5,0,59,25,0.06779661016949153,68
2214984,4,4,1,59,32,0.06779661016949153,68
2371594,4,10,1,59,29,0.06779661016949153,74
3758226,4,9,1,58,31,0.06896551724137931,72
3415505,4,6,1,57,25,0.07017543859649122,68
3053292,4,13,8,55,37,0.07272727272727272,80
4559624,4,2,2,55,34,0.07272727272727272,63
4292858,4,7,1,54,29,0.07407407407407407,66
4835015,4,6,4,54,39,0.07407407407407407,68
1082838,4,3,2,53,21,0.07547169811320754,62
2812993,4,3,3,52,24,0.07692307692307693,62
3864364,4,10,2,51,30,0.0784313725490196,67
5095125,4,2,0,51,25,0.0784313725490196,57
3988258,4,5,2,50,19,0.08,61
36289,4,0,0,49,20,0.08163265306122448,53
3336019,4,2,1,47,20,0.0851063829787234,54
1462051,4,2,0,46,26,0.08695652173913043,52
3834955,4,1,0,46,21,0.08695652173913043,51
1977169,4,2,1,45,25,0.08888888888888889,52
3749412,4,3,3,45,25,0.08888888888888889,55
3884119,4,6,0,44,19,0.09090909090909091,54
2819188,4,4,0,43,15,0.09302325581395349,51
1561921,4,2,2,41,24,0.0975609756097561,49
3916967,4,8,5,41,25,0.0975609756097561,58
922588,4,4,1,40,27,0.1,49
4046054,4,4,0,39,27,0.10256410256410256,47
4100652,4,1,3,38,12,0.10526315789473684,46
414708,4,4,1,37,24,0.10810810810810811,46
3372283,4,4,2,36,27,0.1111111111111111,46
4039014,4,1,1,36,7,0.1111111111111111,42
5161669,4,2,0,36,6,0.1111111111111111,42
546023,4,1,0,34,14,0.11764705882352941,39
719442,4,2,0,34,15,0.11764705882352941,40
4842079,4,4,1,34,21,0.11764705882352941,43
255969,4,1,2,33,15,0.12121212121212122,40
4021638,4,3,0,33,7,0.12121212121212122,40
2983928,4,5,1,32,25,0.125,42
4943103,4,3,1,32,13,0.125,40
2698437,4,3,0,29,12,0.13793103448275862,36
2885889,4,3,1,29,21,0.13793103448275862,37
825165,4,4,0,28,9,0.14285714285714285,36
4956511,4,1,0,28,13,0.14285714285714285,33
2786309,4,2,0,27,12,0.14814814814814814,33
3030258,4,1,3,27,15,0.14814814814814814,35
3833754,4,0,0,27,17,0.14814814814814814,31
4625708,4,3,1,27,20,0.14814814814814814,35
1434401,4,4,0,26,9,0.15384615384615385,34
3635558,4,4,0,24,20,0.16666666666666666,32
3103283,4,4,1,23,15,0.17391304347826086,32
651666,4,3,0,22,14,0.18181818181818182,29
1207502,4,0,0,21,11,0.19047619047619047,25
2550060,4,2,1,21,20,0.19047619047619047,28
4462274,4,1,1,21,11,0.19047619047619047,27
3849096,4,2,0,20,13,0.2,26
4220654,4,4,0,20,18,0.2,28
247810,4,1,0,19,13,0.21052631578947367,24
4199627,4,3,1,14,7,0.2857142857142857,22
1716161,4,0,0,12,4,0.3333333333333333,16
3575962,4,0,0,12,5,0.3333333333333333,16
4007123,4,5,0,12,6,0.3333333333333333,21
1826911,4,1,2,11,9,0.36363636363636365,18
3697658,4,0,0,11,7,0.36363636363636365,15
5018044,4,1,0,9,5,0.4444444444444444,14
3245753,4,0,0,7,7,0.5714285714285714,11
1515792,4,0,0,4,2,1.0,8
1209439,4,0,0,3,5,1.3333333333333333,7
2819811,4,0,0,2,5,2.0,6
2460565,4,0,0,1,3,4.0,5
1320530,3,41,31,632,253,0.004746835443037975,707
1020087,3,25,32,576,108,0.005208333333333333,636
622168,3,32,21,530,148,0.005660377358490566,586
237446,3,22,15,431,74,0.0069605568445475635,471
1040356,3,34,10,416,75,0.007211538461538462,463
2247787,3,10,8,406,115,0.007389162561576354,427
3620161,3,12,3,398,154,0.007537688442211055,416
2667323,3,23,8,374,153,0.008021390374331552,408
3836451,3,19,15,361,105,0.008310249307479225,398
2890111,3,10,4,330,97,0.00909090909090909,347
2066955,3,15,4,321,90,0.009345794392523364,343
2362370,3,23,8,281,142,0.010676156583629894,315
3672452,3,23,16,277,131,0.010830324909747292,319
2217187,3,14,9,273,107,0.01098901098901099,299
3391862,3,5,0,269,25,0.011152416356877323,277
1615537,3,16,5,258,105,0.011627906976744186,282
3100759,3,11,5,253,66,0.011857707509881422,272
1009182,3,21,10,251,101,0.01195219123505976,285
4712571,3,29,13,251,100,0.01195219123505976,296
869231,3,20,12,250,84,0.012,285
999755,3,22,7,232,75,0.01293103448275862,264
1724559,3,14,10,231,111,0.012987012987012988,258
440901,3,8,6,221,67,0.013574660633484163,238
2050292,3,8,8,214,60,0.014018691588785047,233
5030562,3,9,10,210,57,0.014285714285714285,232
2579035,3,11,14,208,70,0.014423076923076924,236
1678374,3,16,1,205,66,0.014634146341463415,225
1293225,3,10,2,204,57,0.014705882352941176,219
2853993,3,10,6,201,32,0.014925373134328358,220
1367932,3,9,10,199,44,0.01507537688442211,221
1943877,3,6,5,198,102,0.015151515151515152,212
3361496,3,9,5,189,99,0.015873015873015872,206
4988911,3,4,4,185,64,0.016216216216216217,196
2986945,3,4,3,183,69,0.01639344262295082,193
3231861,3,12,4,183,44,0.01639344262295082,202
1888306,3,17,7,181,83,0.016574585635359115,208
4052307,3,10,0,181,38,0.016574585635359115,194
2026832,3,6,6,169,52,0.01775147928994083,184
3100520,3,3,7,169,44,0.01775147928994083,182
4066962,3,6,5,165,104,0.01818181818181818,179
2678261,3,10,5,164,55,0.018292682926829267,182
1073768,3,19,6,163,72,0.018404907975460124,191
3779986,3,6,17,158,24,0.0189873417721519,184
3829657,3,15,3,154,82,0.01948051948051948,175
3230909,3,3,4,150,51,0.02,160
2453525,3,2,4,146,46,0.02054794520547945,155
4858656,3,4,1,144,42,0.020833333333333332,152
4718134,3,4,10,143,57,0.02097902097902098,160
3582485,3,14,7,142,43,0.02112676056338028,166
3711641,3,15,3,139,77,0.02158273381294964,160
1820842,3,10,4,138,62,0.021739130434782608,155
982081,3,8,3,136,41,0.022058823529411766,150
5101577,3,7,3,136,26,0.022058823529411766,149
535180,3,2,7,135,80,0.022222222222222223,147
1308457,3,13,0,132,39,0.022727272727272728,148
3886822,3,14,3,131,64,0.022900763358778626,151
5048062,3,6,0,129,48,0.023255813953488372,138
69607,3,3,0,127,20,0.023622047244094488,133
3917972,3,9,8,122,61,0.02459016393442623,142
791327,3,15,7,120,65,0.025,145
2979796,3,12,5,120,53,0.025,140
3184456,3,13,3,120,68,0.025,139
1081037,3,5,5,115,56,0.02608695652173913,128
1929516,3,11,4,114,33,0.02631578947368421,132
2196412,3,2,6,114,49,0.02631578947368421,125
815501,3,4,3,111,46,0.02702702702702703,121
856543,3,2,2,110,26,0.02727272727272727,117
3083452,3,5,3,108,43,0.027777777777777776,119
4738961,3,1,2,105,34,0.02857142857142857,111
3865465,3,14,4,104,55,0.028846153846153848,125
3323163,3,14,3,100,33,0.03,120
4411949,3,7,0,100,36,0.03,110
5034390,3,6,0,100,24,0.03,109
120033,3,7,5,99,48,0.030303030303030304,114
4339360,3,7,1,98,48,0.030612244897959183,109
2656238,3,3,3,95,48,0.031578947368421054,104
1414911,3,4,2,94,30,0.031914893617021274,103
1626599,3,8,4,94,42,0.031914893617021274,109
374584,3,9,2,91,53,0.03296703296703297,105
2675427,3,4,3,90,56,0.03333333333333333,100
2935574,3,1,1,90,12,0.03333333333333333,95
4336538,3,8,5,87,38,0.034482758620689655,103
201867,3,4,1,86,27,0.03488372093023256,94
2595793,3,5,8,85,46,0.03529411764705882,101
4830058,3,3,3,85,30,0.03529411764705882,94
2615320,3,8,0,83,29,0.03614457831325301,94
2176263,3,7,0,82,43,0.036585365853658534,92
4263418,3,4,1,82,27,0.036585365853658534,90
4391390,3,7,6,81,59,0.037037037037037035,97
4896062,3,12,1,79,37,0.0379746835443038,95
702060,3,6,1,78,25,0.038461538461538464,88
4537798,3,1,0,78,14,0.038461538461538464,82
339124,3,6,5,76,62,0.039473684210526314,90
3883310,3,12,7,75,40,0.04,97
4443922,3,9,5,75,39,0.04,92
2626154,3,5,1,74,30,0.04054054054054054,83
269234,3,4,11,73,23,0.0410958904109589,91
4551297,3,11,2,72,37,0.041666666666666664,88
374203,3,5,0,71,21,0.04225352112676056,79
4183103,3,2,9,71,20,0.04225352112676056,85
959452,3,4,1,70,28,0.04285714285714286,78
2448593,3,16,6,70,51,0.04285714285714286,95
3888030,3,6,0,69,16,0.043478260869565216,78
2796506,3,8,1,68,25,0.04411764705882353,80
3234738,3,4,0,68,42,0.04411764705882353,75
1107469,3,6,3,67,22,0.04477611940298507,79
4015257,3,4,3,67,23,0.04477611940298507,77
4615159,3,4,4,67,25,0.04477611940298507,78
3787157,3,9,2,66,31,0.045454545454545456,80
3947859,3,1,1,66,49,0.045454545454545456,71
1451814,3,7,2,64,34,0.046875,76
720666,3,2,1,62,35,0.04838709677419355,68
1776295,3,5,1,62,43,0.04838709677419355,71
3885598,3,2,7,62,26,0.04838709677419355,74
898578,3,4,0,61,21,0.04918032786885246,68
363144,3,0,3,60,37,0.05,66
1944905,3,9,1,60,26,0.05,73
2415168,3,5,5,60,24,0.05,73
3099296,3,3,2,60,23,0.05,68
1540947,3,1,1,59,19,0.05084745762711865,64
2617994,3,3,1,59,38,0.05084745762711865,66
734809,3,1,3,58,11,0.05172413793103448,65
2611736,3,7,1,58,26,0.05172413793103448,69
2672392,3,1,3,56,37,0.05357142857142857,63
3870839,3,2,5,56,32,0.05357142857142857,66
1446405,3,1,5,55,23,0.05454545454545454,64
283109,3,1,1,54,24,0.05555555555555555,59
3230200,3,2,1,54,27,0.05555555555555555,60
276158,3,5,3,53,11,0.05660377358490566,64
471212,3,7,4,53,20,0.05660377358490566,67
858756,3,2,2,53,22,0.05660377358490566,60
1759909,3,8,5,53,28,0.05660377358490566,69
2719067,3,4,1,53,18,0.05660377358490566,61
4853595,3,2,4,52,25,0.057692307692307696,61
79220,3,2,0,51,21,0.058823529411764705,56
1868811,3,3,0,51,24,0.058823529411764705,57
3944885,3,3,3,51,40,0.058823529411764705,60
22257,3,8,0,50,15,0.06,61
2728585,3,4,1,50,33,0.06,58
3547172,3,8,1,50,27,0.06,62
3608477,3,6,4,50,25,0.06,63
475593,3,1,1,49,18,0.061224489795918366,54
2288113,3,2,1,49,19,0.061224489795918366,55
4624272,3,2,1,49,8,0.061224489795918366,55
2070081,3,1,3,48,27,0.0625,55
3759918,3,3,7,48,16,0.0625,61
3953647,3,4,3,48,21,0.0625,58
4722263,3,8,3,48,31,0.0625,62
2251446,3,6,4,47,37,0.06382978723404255,60
2551049,3,1,1,47,23,0.06382978723404255,52
172164,3,2,3,46,3,0.06521739130434782,54
913035,3,5,0,46,15,0.06521739130434782,54
2615163,3,2,0,46,15,0.06521739130434782,51
3233128,3,0,2,46,20,0.06521739130434782,51
3554917,3,6,7,46,19,0.06521739130434782,62
3817036,3,4,2,46,23,0.06521739130434782,55
4497044,3,4,0,46,7,0.06521739130434782,53
210544,3,7,1,45,19,0.06666666666666667,56
4632342,3,2,3,45,18,0.06666666666666667,53
4979740,3,2,3,45,21,0.06666666666666667,53
848854,3,3,3,42,25,0.07142857142857142,51
4830705,3,6,4,42,27,0.07142857142857142,55
1521068,3,4,1,41,22,0.07317073170731707,49
2970453,3,5,2,41,26,0.07317073170731707,51
3012102,3,2,0,41,22,0.07317073170731707,46
4212069,3,0,0,41,10,0.07317073170731707,44
2582254,3,4,0,40,16,0.075,47
2779062,3,3,1,40,19,0.075,47
4503832,3,3,0,40,15,0.075,46
1440390,3,1,2,39,25,0.07692307692307693,45
1665989,3,3,2,39,25,0.07692307692307693,47
1755681,3,2,0,39,22,0.07692307692307693,44
244923,3,6,1,38,27,0.07894736842105263,48
378466,3,7,2,38,20,0.07894736842105263,50
1485156,3,4,0,38,19,0.07894736842105263,45
2457421,3,1,0,38,24,0.07894736842105263,42
2992356,3,3,0,38,28,0.07894736842105263,44
3461734,3,4,3,38,26,0.07894736842105263,48
1136776,3,4,0,37,19,0.08108108108108109,44
80482,3,1,3,36,9,0.08333333333333333,43
545259,3,4,2,36,33,0.08333333333333333,45
1356170,3,3,2,36,17,0.08333333333333333,44
5062853,3,6,1,36,24,0.08333333333333333,46
2360839,3,7,0,35,13,0.08571428571428572,45
5052842,3,2,0,35,13,0.08571428571428572,40
182358,3,4,2,34,8,0.08823529411764706,43
305857,3,5,1,34,13,0.08823529411764706,43
2082734,3,7,0,34,19,0.08823529411764706,44
3617337,3,5,4,34,13,0.08823529411764706,46
4527720,3,5,0,34,15,0.08823529411764706,42
4581579,3,3,2,34,21,0.08823529411764706,42
27522,3,10,2,33,23,0.09090909090909091,48
2535791,3,1,1,33,28,0.09090909090909091,38
2642752,3,5,1,33,19,0.09090909090909091,42
4779633,3,1,0,33,24,0.09090909090909091,37
450756,3,0,1,32,27,0.09375,36
916973,3,6,0,32,20,0.09375,41
2028981,3,4,1,32,12,0.09375,40
3666135,3,3,1,32,6,0.09375,39
588463,3,0,0,31,7,0.0967741935483871,34
1012333,3,1,2,31,10,0.0967741935483871,37
5146409,3,2,0,31,16,0.0967741935483871,36
773961,3,5,1,30,21,0.1,39
1893541,3,1,0,30,16,0.1,34
4911958,3,9,0,29,30,0.10344827586206896,41
5060750,3,0,1,29,9,0.10344827586206896,33
3047024,3,0,2,28,8,0.10714285714285714,33
2710853,3,3,4,27,20,0.1111111111111111,37
166326,3,2,1,26,13,0.11538461538461539,32
2210217,3,2,0,26,18,0.11538461538461539,31
1988611,3,1,0,25,14,0.12,29
2578034,3,2,0,25,7,0.12,30
1274417,3,2,1,24,23,0.125,30
1702898,3,2,1,23,10,0.13043478260869565,29
2272151,3,4,0,23,15,0.13043478260869565,30
1260343,3,3,1,22,10,0.13636363636363635,29
2129196,3,0,0,22,15,0.13636363636363635,25
2899233,3,1,0,22,7,0.13636363636363635,26
4781861,3,1,0,22,10,0.13636363636363635,26
140361,3,0,0,21,14,0.14285714285714285,24
805879,3,2,0,21,12,0.14285714285714285,26
2384561,3,3,0,21,8,0.14285714285714285,27
112445,3,0,0,20,17,0.15,23
4591425,3,1,1,20,15,0.15,25
4835206,3,4,0,20,14,0.15,27
4854759,3,1,2,20,17,0.15,26
1766039,3,0,2,19,13,0.15789473684210525,24
114333,3,2,0,18,8,0.16666666666666666,23
1222799,3,5,1,18,14,0.16666666666666666,27
2102739,3,4,1,18,15,0.16666666666666666,26
1896006,3,1,0,17,6,0.17647058823529413,21
817164,3,0,2,16,8,0.1875,21
906800,3,3,0,16,17,0.1875,22
2959407,3,4,1,16,19,0.1875,24
4723396,3,0,0,16,4,0.1875,19
362750,3,3,0,14,8,0.21428571428571427,20
1048697,3,3,0,14,10,0.21428571428571427,20
1694669,3,1,1,14,13,0.21428571428571427,19
168997,3,2,0,13,9,0.23076923076923078,18
2483206,3,2,0,13,9,0.23076923076923078,18
2540361,3,3,0,13,7,0.23076923076923078,19
3170314,3,1,1,12,6,0.25,17
4378750,3,0,0,12,7,0.25,15
4410687,3,3,0,12,15,0.25,18
79592,3,1,0,11,8,0.2727272727272727,15
2281156,3,2,1,11,7,0.2727272727272727,17
4398560,3,1,0,11,5,0.2727272727272727,15
4502010,3,2,0,11,4,0.2727272727272727,16
4024676,3,0,1,10,3,0.3,14
4493358,3,0,0,10,8,0.3,13
1500130,3,1,0,9,8,0.3333333333333333,13
2836123,3,0,0,9,5,0.3333333333333333,12
2609208,3,0,0,8,9,0.375,11
4436461,3,4,0,8,7,0.375,15
3155336,3,1,0,7,6,0.42857142857142855,11
4924053,3,0,1,7,8,0.42857142857142855,11
455943,3,0,1,5,6,0.6,9
543590,3,1,1,5,6,0.6,10
1256778,3,2,0,5,4,0.6,10
2764935,3,0,0,2,5,1.5,5
2300463,3,0,0,1,3,3.0,4
2464463,3,0,0,0,3,,3
2129666,2,19,31,466,205,0.004291845493562232,518
4583884,2,18,24,449,138,0.004454342984409799,493
4509358,2,34,36,426,115,0.004694835680751174,498
3496816,2,22,12,424,157,0.0047169811320754715,460
3123784,2,8,14,423,170,0.004728132387706856,447
2087597,2,16,13,380,102,0.005263157894736842,411
2188684,2,11,8,365,122,0.005479452054794521,386
2966303,2,18,15,332,115,0.006024096385542169,367
2013232,2,23,19,326,193,0.006134969325153374,370
3807763,2,19,5,322,178,0.006211180124223602,348
5003455,2,12,12,317,112,0.006309148264984227,343
3323023,2,5,8,285,136,0.007017543859649123,300
3826089,2,9,9,272,104,0.007352941176470588,292
1189158,2,6,15,266,69,0.007518796992481203,289
1530704,2,32,5,247,101,0.008097165991902834,286
4078249,2,12,5,243,65,0.00823045267489712,262
550660,2,25,7,238,99,0.008403361344537815,272
113102,2,26,8,237,74,0.008438818565400843,273
4449178,2,10,5,233,71,0.008583690987124463,250
4604594,2,17,15,224,68,0.008928571428571428,258
3139583,2,14,7,223,59,0.008968609865470852,246
3570656,2,17,7,221,73,0.00904977375565611,247
924708,2,5,5,219,91,0.0091324200913242,231
996449,2,5,5,215,79,0.009302325581395349,227
3582241,2,6,5,209,91,0.009569377990430622,222
3745824,2,13,4,197,95,0.01015228426395939,216
5045733,2,19,4,193,83,0.010362694300518135,218
4692440,2,5,6,190,50,0.010526315789473684,203
562672,2,9,5,189,84,0.010582010582010581,205
5150761,2,9,9,185,82,0.010810810810810811,205
4321796,2,10,3,184,99,0.010869565217391304,199
211810,2,6,12,177,53,0.011299435028248588,197
1485951,2,10,8,174,51,0.011494252873563218,194
2492895,2,9,2,170,85,0.011764705882352941,183
3758209,2,18,7,169,106,0.011834319526627219,196
781315,2,5,3,168,45,0.011904761904761904,178
957385,2,7,1,166,48,0.012048192771084338,176
4921617,2,14,3,163,66,0.012269938650306749,182
2272488,2,6,5,160,89,0.0125,173
2923541,2,8,6,152,54,0.013157894736842105,168
4688770,2,4,2,152,64,0.013157894736842105,160
624370,2,12,1,150,39,0.013333333333333334,165
3328511,2,8,1,148,49,0.013513513513513514,159
2800021,2,9,6,146,57,0.0136986301369863,163
1169503,2,14,7,144,79,0.013888888888888888,167
4177144,2,3,11,144,70,0.013888888888888888,160
1852398,2,2,2,143,71,0.013986013986013986,149
4141018,2,18,4,143,76,0.013986013986013986,167
2328673,2,16,8,142,41,0.014084507042253521,168
3004643,2,10,2,142,64,0.014084507042253521,156
2421366,2,12,2,139,83,0.014388489208633094,155
2383838,2,2,3,138,30,0.014492753623188406,145
2014414,2,8,11,134,71,0.014925373134328358,155
4167958,2,3,1,134,45,0.014925373134328358,140
3913141,2,7,1,130,26,0.015384615384615385,140
1686309,2,0,2,129,31,0.015503875968992248,133
79451,2,7,2,127,49,0.015748031496062992,138
1850548,2,7,2,127,39,0.015748031496062992,138
3010483,2,12,0,127,34,0.015748031496062992,141
4595718,2,1,0,127,16,0.015748031496062992,130
2413296,2,7,0,126,11,0.015873015873015872,135
1108912,2,9,3,125,75,0.016,139
3410245,2,8,5,125,53,0.016,140
994002,2,6,5,124,32,0.016129032258064516,137
1545822,2,3,2,124,38,0.016129032258064516,131
4222383,2,6,3,122,35,0.01639344262295082,133
3938045,2,4,6,119,53,0.01680672268907563,131
4700878,2,9,3,117,28,0.017094017094017096,131
3017203,2,15,0,116,18,0.017241379310344827,133
4134433,2,4,3,112,47,0.017857142857142856,121
2210612,2,6,4,110,28,0.01818181818181818,122
4011278,2,3,2,107,49,0.018691588785046728,114
3459125,2,1,1,106,49,0.018867924528301886,110
1910923,2,7,2,103,17,0.019417475728155338,114
532507,2,6,3,102,66,0.0196078431372549,113
831271,2,5,0,102,28,0.0196078431372549,109
882095,2,6,2,102,47,0.0196078431372549,112
4743234,2,4,2,101,40,0.019801980198019802,109
2772071,2,15,3,100,47,0.02,120
3091480,2,14,1,99,51,0.020202020202020204,116
103181,2,3,2,97,32,0.020618556701030927,104
2644484,2,11,5,97,47,0.020618556701030927,115
2043591,2,3,3,95,65,0.021052631578947368,103
412619,2,7,0,92,29,0.021739130434782608,101
151648,2,0,1,91,31,0.02197802197802198,94
3850614,2,8,2,91,44,0.02197802197802198,103
3621778,2,7,1,90,30,0.022222222222222223,100
1252230,2,5,1,89,23,0.02247191011235955,97
2782399,2,7,4,89,54,0.02247191011235955,102
4345501,2,9,2,89,45,0.02247191011235955,102
3338209,2,6,6,87,49,0.022988505747126436,101
2091359,2,7,0,86,31,0.023255813953488372,95
3610789,2,1,0,86,1,0.023255813953488372,89
477292,2,5,6,85,39,0.023529411764705882,98
2052526,2,9,6,85,37,0.023529411764705882,102
3250334,2,6,0,85,42,0.023529411764705882,93
5013760,2,7,0,85,25,0.023529411764705882,94
4723214,2,5,5,82,40,0.024390243902439025,94
3030023,2,7,5,81,36,0.024691358024691357,95
3294401,2,4,5,80,53,0.025,91
3563906,2,10,5,79,66,0.02531645569620253,96
145519,2,1,1,78,28,0.02564102564102564,82
295183,2,16,4,78,61,0.02564102564102564,100
382910,2,3,0,78,31,0.02564102564102564,83
693937,2,4,0,78,31,0.02564102564102564,84
1957261,2,3,2,77,61,0.025974025974025976,84
3835723,2,9,4,77,36,0.025974025974025976,92
65720,2,6,1,76,35,0.02631578947368421,85
318219,2,15,5,76,42,0.02631578947368421,98
3595690,2,3,2,76,42,0.02631578947368421,83
1117098,2,0,1,74,17,0.02702702702702703,77
1708445,2,5,0,74,25,0.02702702702702703,81
2880419,2,6,1,74,46,0.02702702702702703,83
2903469,2,8,1,74,33,0.02702702702702703,85
3108882,2,2,2,74,37,0.02702702702702703,80
1639158,2,4,4,73,34,0.0273972602739726,83
2792484,2,5,5,72,35,0.027777777777777776,84
4750127,2,4,4,72,26,0.027777777777777776,82
106173,2,3,3,71,18,0.028169014084507043,79
1673021,2,0,3,71,12,0.028169014084507043,76
4056794,2,2,1,71,22,0.028169014084507043,76
4550135,2,6,1,71,27,0.028169014084507043,80
920038,2,4,2,70,32,0.02857142857142857,78
1414043,2,4,2,70,34,0.02857142857142857,78
137099,2,4,0,69,5,0.028985507246376812,75
2313309,2,1,2,69,30,0.028985507246376812,74
1213320,2,7,1,68,43,0.029411764705882353,78
2077723,2,4,1,68,36,0.029411764705882353,75
2367907,2,1,2,68,26,0.029411764705882353,73
3731995,2,4,2,68,29,0.029411764705882353,76
1526484,2,6,1,67,56,0.029850746268656716,76
3332130,2,3,2,67,25,0.029850746268656716,74
5007081,2,5,4,67,37,0.029850746268656716,78
2754205,2,4,4,66,23,0.030303030303030304,76
4664549,2,3,1,66,28,0.030303030303030304,72
5053648,2,1,5,66,38,0.030303030303030304,74
472985,2,1,1,65,29,0.03076923076923077,69
1477455,2,1,2,65,22,0.03076923076923077,70
2200343,2,2,2,65,32,0.03076923076923077,71
4098379,2,6,3,65,34,0.03076923076923077,76
2422417,2,3,2,64,23,0.03125,71
2791234,2,8,6,64,36,0.03125,80
2828436,2,4,3,64,23,0.03125,73
1901483,2,2,3,63,14,0.031746031746031744,70
3747517,2,5,0,60,19,0.03333333333333333,67
48094,2,4,0,59,32,0.03389830508474576,65
1497533,2,2,0,59,10,0.03389830508474576,63
2612425,2,4,5,59,12,0.03389830508474576,70
3253440,2,11,3,59,18,0.03389830508474576,75
4006644,2,7,1,59,16,0.03389830508474576,69
4419230,2,3,2,59,34,0.03389830508474576,66
63813,2,4,0,58,16,0.034482758620689655,64
4307317,2,1,2,58,31,0.034482758620689655,63
4374048,2,7,0,58,27,0.034482758620689655,67
169865,2,3,1,57,8,0.03508771929824561,63
3362038,2,6,2,57,26,0.03508771929824561,67
3683798,2,2,1,57,20,0.03508771929824561,62
2003083,2,5,1,56,8,0.03571428571428571,64
4134062,2,6,3,56,27,0.03571428571428571,67
4491457,2,8,0,56,29,0.03571428571428571,66
833866,2,5,3,55,22,0.03636363636363636,65
2262787,2,0,1,55,17,0.03636363636363636,58
4889820,2,1,0,55,24,0.03636363636363636,58
3147028,2,1,0,54,3,0.037037037037037035,57
1406426,2,6,0,53,20,0.03773584905660377,61
1620142,2,1,3,53,4,0.03773584905660377,59
2352811,2,2,2,53,18,0.03773584905660377,59
1544586,2,6,6,51,31,0.0392156862745098,65
2673821,2,6,2,51,34,0.0392156862745098,61
4976066,2,5,0,51,25,0.0392156862745098,58
1817077,2,6,2,50,27,0.04,60
720055,2,2,1,48,21,0.041666666666666664,53
2070852,2,1,1,48,37,0.041666666666666664,52
222147,2,1,1,47,43,0.0425531914893617,51
499642,2,3,1,47,30,0.0425531914893617,53
3147850,2,4,0,47,20,0.0425531914893617,53
246844,2,6,1,46,25,0.043478260869565216,55
863775,2,0,1,46,30,0.043478260869565216,49
2108531,2,3,2,46,15,0.043478260869565216,53
2130314,2,7,2,46,31,0.043478260869565216,57
4821295,2,0,0,46,4,0.043478260869565216,48
4161881,2,2,0,45,13,0.044444444444444446,49
482114,2,2,0,44,5,0.045454545454545456,48
3069540,2,3,0,44,20,0.045454545454545456,49
4739351,2,1,0,44,8,0.045454545454545456,47
669425,2,5,0,43,20,0.046511627906976744,50
874007,2,2,1,43,13,0.046511627906976744,48
293545,2,1,0,41,10,0.04878048780487805,44
755175,2,1,2,41,16,0.04878048780487805,46
2326411,2,2,3,41,17,0.04878048780487805,48
2370610,2,2,2,41,17,0.04878048780487805,47
3410573,2,6,1,41,26,0.04878048780487805,50
3739450,2,1,0,41,8,0.04878048780487805,44
878325,2,6,2,40,16,0.05,50
1151753,2,3,1,40,15,0.05,46
1281227,2,6,6,40,24,0.05,54
1579551,2,3,2,40,20,0.05,47
1950457,2,4,1,40,24,0.05,47
1652543,2,2,0,39,16,0.05128205128205128,43
2390349,2,0,2,39,12,0.05128205128205128,43
2561712,2,3,1,39,19,0.05128205128205128,45
3011767,2,1,1,39,20,0.05128205128205128,43
3692903,2,3,1,39,26,0.05128205128205128,45
4239903,2,2,2,39,18,0.05128205128205128,45
860357,2,3,3,38,23,0.05263157894736842,46
964912,2,2,6,38,28,0.05263157894736842,48
1126526,2,4,2,38,20,0.05263157894736842,46
3682757,2,3,0,38,25,0.05263157894736842,43
4776549,2,2,1,38,20,0.05263157894736842,43
268040,2,1,0,37,18,0.05405405405405406,40
2627103,2,3,0,37,13,0.05405405405405406,42
2852310,2,0,1,37,17,0.05405405405405406,40
3505338,2,0,2,37,17,0.05405405405405406,41
4071732,2,0,1,37,30,0.05405405405405406,40
277383,2,2,0,36,23,0.05555555555555555,40
526781,2,3,0,36,11,0.05555555555555555,41
1635194,2,6,1,36,13,0.05555555555555555,45
1849958,2,2,1,36,12,0.05555555555555555,41
1950665,2,0,0,36,11,0.05555555555555555,38
2806798,2,2,0,36,12,0.05555555555555555,40
4703483,2,1,0,36,18,0.05555555555555555,39
1697889,2,6,4,35,24,0.05714285714285714,47
1980111,2,3,2,35,21,0.05714285714285714,42
4601757,2,7,1,35,16,0.05714285714285714,45
1972894,2,2,1,34,29,0.058823529411764705,39
3066289,2,2,1,34,20,0.058823529411764705,39
3073794,2,4,2,34,20,0.058823529411764705,42
4481410,2,3,0,34,13,0.058823529411764705,39
4736474,2,1,2,34,24,0.058823529411764705,39
350402,2,2,0,33,17,0.06060606060606061,37
1546352,2,1,3,33,23,0.06060606060606061,39
2851989,2,1,0,33,18,0.06060606060606061,36
4565729,2,2,0,33,11,0.06060606060606061,37
194806,2,1,1,32,15,0.0625,36
2328010,2,2,2,32,14,0.0625,38
3818023,2,0,0,32,15,0.0625,34
4878483,2,1,0,32,6,0.0625,35
122108,2,0,0,31,6,0.06451612903225806,33
687827,2,1,0,31,6,0.06451612903225806,34
2548944,2,0,0,31,9,0.06451612903225806,33
3745980,2,1,1,31,18,0.06451612903225806,35
5012555,2,0,0,31,22,0.06451612903225806,33
76064,2,4,0,30,19,0.06666666666666667,36
387302,2,0,0,30,18,0.06666666666666667,32
886708,2,1,1,30,15,0.06666666666666667,34
2547722,2,1,2,30,6,0.06666666666666667,35
3059103,2,7,0,30,18,0.06666666666666667,39
3744190,2,3,0,30,13,0.06666666666666667,35
3825436,2,2,2,30,16,0.06666666666666667,36
4653800,2,1,0,30,14,0.06666666666666667,33
4983640,2,6,2,30,21,0.06666666666666667,40
5140516,2,2,2,30,17,0.06666666666666667,36
2954645,2,1,1,29,15,0.06896551724137931,33
3568839,2,5,0,29,10,0.06896551724137931,36
4127459,2,3,1,29,17,0.06896551724137931,35
4256011,2,2,0,29,16,0.06896551724137931,33
4822722,2,0,0,29,9,0.06896551724137931,31
5127795,2,3,2,29,26,0.06896551724137931,36
2044304,2,0,1,28,14,0.07142857142857142,31
2242620,2,2,0,28,10,0.07142857142857142,32
1637260,2,5,0,27,23,0.07407407407407407,34
2485713,2,1,2,27,18,0.07407407407407407,32
3000315,2,4,2,27,27,0.07407407407407407,35
3100080,2,0,1,27,11,0.07407407407407407,30
3425243,2,3,0,27,18,0.07407407407407407,32
3589833,2,2,0,27,10,0.07407407407407407,31
3890915,2,4,0,27,5,0.07407407407407407,33
99507,2,4,3,26,19,0.07692307692307693,35
1827100,2,0,0,26,15,0.07692307692307693,28
3974031,2,0,0,26,3,0.07692307692307693,28
4226833,2,3,3,26,15,0.07692307692307693,34
5029530,2,0,1,26,17,0.07692307692307693,29
224739,2,1,2,25,6,0.08,30
270397,2,4,1,25,14,0.08,32
784716,2,3,0,25,15,0.08,30
1493787,2,4,0,25,15,0.08,31
1628030,2,2,0,25,15,0.08,29
1721893,2,2,0,25,11,0.08,29
2221025,2,1,1,25,10,0.08,29
3740075,2,4,2,25,16,0.08,33
3959269,2,0,0,25,2,0.08,27
4122623,2,1,0,25,6,0.08,28
2171,2,0,1,24,9,0.08333333333333333,27
230481,2,3,2,24,13,0.08333333333333333,31
1281603,2,1,0,24,13,0.08333333333333333,27
1748831,2,0,1,24,6,0.08333333333333333,27
2136933,2,1,1,24,8,0.08333333333333333,28
2530695,2,2,0,24,9,0.08333333333333333,28
3848874,2,0,0,24,15,0.08333333333333333,26
4758695,2,2,0,24,12,0.08333333333333333,28
4995985,2,4,1,24,23,0.08333333333333333,31
104848,2,3,0,23,7,0.08695652173913043,28
514392,2,1,0,23,10,0.08695652173913043,26
996587,2,3,2,23,12,0.08695652173913043,30
1150511,2,2,1,23,13,0.08695652173913043,28
2192512,2,3,0,23,5,0.08695652173913043,28
2384854,2,1,0,23,7,0.08695652173913043,26
2588049,2,3,5,23,15,0.08695652173913043,33
3255355,2,3,1,23,11,0.08695652173913043,29
3815870,2,1,0,23,9,0.08695652173913043,26
4107781,2,0,5,23,21,0.08695652173913043,30
4213030,2,2,0,23,8,0.08695652173913043,27
4357073,2,1,0,23,3,0.08695652173913043,26
334210,2,0,1,22,8,0.09090909090909091,25
1566469,2,0,0,22,5,0.09090909090909091,24
1742197,2,0,0,22,8,0.09090909090909091,24
1755663,2,1,0,22,15,0.09090909090909091,25
1769043,2,0,2,22,10,0.09090909090909091,26
3042050,2,2,0,22,7,0.09090909090909091,26
4132735,2,1,1,22,17,0.09090909090909091,26
4214301,2,3,0,22,12,0.09090909090909091,27
434180,2,0,0,21,4,0.09523809523809523,23
502123,2,3,1,21,7,0.09523809523809523,27
1363459,2,3,0,21,13,0.09523809523809523,26
2173477,2,0,0,21,4,0.09523809523809523,23
5048770,2,1,2,21,12,0.09523809523809523,26
176556,2,2,0,20,5,0.1,24
1904657,2,2,1,20,6,0.1,25
2086128,2,2,0,20,5,0.1,24
3113468,2,1,0,20,13,0.1,23
3807068,2,4,0,20,8,0.1,26
2662466,2,3,0,19,8,0.10526315789473684,24
3776999,2,1,0,19,13,0.10526315789473684,22
4403323,2,0,0,19,7,0.10526315789473684,21
221393,2,0,0,18,13,0.1111111111111111,20
378056,2,3,2,18,8,0.1111111111111111,25
568628,2,0,0,18,10,0.1111111111111111,20
955834,2,2,0,18,6,0.1111111111111111,22
1396829,2,2,2,18,12,0.1111111111111111,24
3415438,2,0,1,18,6,0.1111111111111111,21
4159811,2,1,1,18,13,0.1111111111111111,22
662603,2,6,1,17,6,0.11764705882352941,26
1411462,2,0,0,17,12,0.11764705882352941,19
2469855,2,3,0,17,8,0.11764705882352941,22
2713041,2,3,0,17,12,0.11764705882352941,22
3573424,2,0,0,17,3,0.11764705882352941,19
3902978,2,3,0,17,1,0.11764705882352941,22
4356440,2,6,0,17,16,0.11764705882352941,25
4661468,2,0,0,17,8,0.11764705882352941,19
4792801,2,5,0,17,11,0.11764705882352941,24
1462965,2,2,0,16,16,0.125,20
2273944,2,1,0,16,6,0.125,19
3314621,2,0,1,16,6,0.125,19
4681109,2,1,2,16,11,0.125,21
467461,2,2,4,15,13,0.13333333333333333,23
512076,2,1,1,15,11,0.13333333333333333,19
647611,2,1,0,15,5,0.13333333333333333,18
2407900,2,3,0,15,4,0.13333333333333333,20
4112095,2,2,5,15,10,0.13333333333333333,24
963285,2,0,0,14,5,0.14285714285714285,16
1230484,2,0,0,14,10,0.14285714285714285,16
1254330,2,0,1,14,8,0.14285714285714285,17
1660019,2,1,0,14,7,0.14285714285714285,17
1794065,2,1,2,14,5,0.14285714285714285,19
2049879,2,0,1,14,6,0.14285714285714285,17
3809976,2,1,1,14,9,0.14285714285714285,18
546816,2,1,1,13,7,0.15384615384615385,17
1532088,2,2,0,13,10,0.15384615384615385,17
1858817,2,3,0,13,5,0.15384615384615385,18
2275650,2,1,0,13,5,0.15384615384615385,16
3164069,2,4,0,13,5,0.15384615384615385,19
3538807,2,1,0,13,9,0.15384615384615385,16
3883457,2,6,0,13,7,0.15384615384615385,21
4385918,2,0,0,13,10,0.15384615384615385,15
2192649,2,1,0,12,3,0.16666666666666666,15
2690744,2,0,0,12,8,0.16666666666666666,14
3042127,2,2,0,12,11,0.16666666666666666,16
3236397,2,5,1,12,9,0.16666666666666666,20
3395587,2,1,1,12,7,0.16666666666666666,16
4710097,2,2,0,12,10,0.16666666666666666,16
314028,2,1,0,11,7,0.18181818181818182,14
472273,2,0,1,11,9,0.18181818181818182,14
1537669,2,0,1,11,9,0.18181818181818182,14
1736178,2,0,0,11,6,0.18181818181818182,13
2431497,2,0,2,11,5,0.18181818181818182,15
3255541,2,2,0,11,8,0.18181818181818182,15
3748100,2,2,0,11,6,0.18181818181818182,15
4608278,2,0,0,11,4,0.18181818181818182,13
4793189,2,0,0,11,4,0.18181818181818182,13
378205,2,2,0,10,9,0.2,14
1066674,2,0,0,10,5,0.2,12
2281648,2,0,0,10,2,0.2,12
2480639,2,0,0,10,7,0.2,12
3175480,2,1,2,10,11,0.2,15
3770700,2,0,1,10,6,0.2,13
3778921,2,0,1,10,5,0.2,13
4065220,2,0,0,10,7,0.2,12
914596,2,0,1,9,5,0.2222222222222222,12
1419569,2,0,1,9,8,0.2222222222222222,12
2062335,2,2,1,9,5,0.2222222222222222,14
2637064,2,0,1,9,3,0.2222222222222222,12
4316584,2,2,1,9,6,0.2222222222222222,14
4362740,2,1,0,9,9,0.2222222222222222,12
4783746,2,1,1,9,10,0.2222222222222222,13
262541,2,3,0,8,9,0.25,13
315794,2,1,0,8,8,0.25,11
486644,2,2,0,8,6,0.25,12
703717,2,1,0,8,4,0.25,11
1216180,2,1,0,8,3,0.25,11
1461957,2,1,0,8,5,0.25,11
1756055,2,3,0,8,7,0.25,13
2306491,2,0,1,8,4,0.25,11
3349625,2,2,2,8,3,0.25,14
3432990,2,0,0,8,5,0.25,10
4172298,2,0,0,8,1,0.25,10
4612213,2,2,1,8,8,0.25,13
1672287,2,0,0,7,6,0.2857142857142857,9
2768009,2,0,1,7,6,0.2857142857142857,10
117196,2,0,0,6,2,0.3333333333333333,8
699361,2,0,0,6,4,0.3333333333333333,8
1972463,2,0,0,6,5,0.3333333333333333,8
2684806,2,0,0,6,3,0.3333333333333333,8
3016461,2,0,0,6,5,0.3333333333333333,8
4466795,2,0,0,6,5,0.3333333333333333,8
422656,2,0,0,5,2,0.4,7
813789,2,0,0,5,3,0.4,7
1987882,2,0,1,5,1,0.4,8
3010113,2,1,0,5,4,0.4,8
3619237,2,0,0,5,4,0.4,7
3866248,2,0,0,5,5,0.4,7
4587489,2,0,0,5,7,0.4,7
5030407,2,0,0,5,5,0.4,7
2139021,2,0,0,4,3,0.5,6
2815319,2,0,0,4,1,0.5,6
2880519,2,0,0,4,2,0.5,6
746548,2,0,2,3,4,0.6666666666666666,7
1648490,2,0,0,3,2,0.6666666666666666,5
2071435,2,0,0,3,2,0.6666666666666666,5
2895013,2,1,1,3,7,0.6666666666666666,7
3105438,2,0,0,3,2,0.6666666666666666,5
3387711,2,0,0,3,2,0.6666666666666666,5
4197122,2,1,0,3,3,0.6666666666666666,6
4921728,2,0,0,3,4,0.6666666666666666,5
2374871,2,0,0,2,4,1.0,4
2550403,2,0,0,2,3,1.0,4
3515027,2,0,0,2,3,1.0,4
3326223,2,0,0,1,2,2.0,3
3533346,2,0,0,1,2,2.0,3
3132147,2,0,0,0,2,,2
4358294,1,22,28,1037,214,0.0009643201542912247,1088
4589142,1,20,18,416,121,0.002403846153846154,455
4466876,1,6,33,358,103,0.002793296089385475,398
35290,1,22,5,316,86,0.0031645569620253164,344
1819175,1,14,9,308,107,0.003246753246753247,332
2430608,1,19,6,267,75,0.003745318352059925,293
2748804,1,24,6,266,98,0.0037593984962406013,297
1438507,1,6,7,264,113,0.003787878787878788,278
2352202,1,16,9,259,112,0.003861003861003861,285
583014,1,6,7,258,45,0.003875968992248062,272
1612623,1,14,10,253,84,0.003952569169960474,278
5002819,1,18,9,242,70,0.004132231404958678,270
3171095,1,27,4,241,123,0.004149377593360996,273
1457367,1,21,3,236,79,0.00423728813559322,261
3252144,1,18,8,222,104,0.0045045045045045045,249
4233539,1,0,1,221,5,0.004524886877828055,223
5064,1,14,12,217,88,0.004608294930875576,244
578983,1,13,4,208,99,0.004807692307692308,226
2174838,1,6,14,208,80,0.004807692307692308,229
3147903,1,4,1,207,76,0.004830917874396135,213
1906712,1,1,6,199,183,0.005025125628140704,207
1040727,1,10,6,197,115,0.005076142131979695,214
3577636,1,9,3,194,60,0.005154639175257732,207
135038,1,11,6,192,76,0.005208333333333333,210
662846,1,11,1,192,69,0.005208333333333333,205
1269883,1,8,6,186,77,0.005376344086021506,201
3694486,1,7,4,183,71,0.00546448087431694,195
4244990,1,15,6,178,97,0.0056179775280898875,200
4382196,1,5,18,178,61,0.0056179775280898875,202
2810146,1,8,4,168,46,0.005952380952380952,181
289692,1,4,5,167,49,0.005988023952095809,177
22129,1,3,6,160,63,0.00625,170
1598774,1,0,1,150,8,0.006666666666666667,152
3470850,1,5,1,148,44,0.006756756756756757,155
2528824,1,12,9,146,65,0.00684931506849315,168
3561974,1,4,5,144,106,0.006944444444444444,154
2340518,1,11,2,140,40,0.007142857142857143,154
1276095,1,7,5,139,53,0.007194244604316547,152
4696710,1,11,7,137,55,0.0072992700729927005,156
4864926,1,7,2,136,29,0.007352941176470588,146
2723483,1,7,10,132,39,0.007575757575757576,150
3995818,1,2,1,132,47,0.007575757575757576,136
749203,1,10,4,131,59,0.007633587786259542,146
2314022,1,19,5,131,57,0.007633587786259542,156
2306045,1,9,4,129,41,0.007751937984496124,143
2056274,1,7,6,122,41,0.00819672131147541,136
3736936,1,10,0,116,45,0.008620689655172414,127
715487,1,14,9,115,37,0.008695652173913044,139
5147460,1,2,2,113,53,0.008849557522123894,118
751494,1,7,3,110,86,0.00909090909090909,121
3567828,1,7,5,108,53,0.009259259259259259,121
4827153,1,7,7,108,36,0.009259259259259259,123
944818,1,23,3,107,45,0.009345794392523364,134
3156448,1,8,1,101,45,0.009900990099009901,111
888094,1,6,0,100,39,0.01,107
3982336,1,4,0,100,22,0.01,105
1249923,1,4,4,99,52,0.010101010101010102,108
5028097,1,4,10,98,67,0.01020408163265306,113
1227327,1,9,2,96,33,0.010416666666666666,108
1454470,1,5,2,95,43,0.010526315789473684,103
1953179,1,3,1,95,55,0.010526315789473684,100
4713427,1,3,3,95,33,0.010526315789473684,102
4776297,1,4,1,95,32,0.010526315789473684,101
2247880,1,0,7,94,54,0.010638297872340425,102
2486578,1,2,3,94,74,0.010638297872340425,100
2649368,1,8,3,92,41,0.010869565217391304,104
941706,1,7,2,90,87,0.011111111111111112,100
2633883,1,10,1,90,28,0.011111111111111112,102
4708348,1,3,1,88,45,0.011363636363636364,93
668960,1,1,2,87,24,0.011494252873563218,91
3818081,1,1,2,84,43,0.011904761904761904,88
3045640,1,1,2,83,25,0.012048192771084338,87
4806751,1,4,2,80,11,0.0125,87
410749,1,5,5,79,50,0.012658227848101266,90
902556,1,4,7,79,40,0.012658227848101266,91
1922644,1,5,0,79,52,0.012658227848101266,85
2532699,1,2,3,78,23,0.01282051282051282,84
3464786,1,4,1,78,43,0.01282051282051282,84
4042890,1,3,3,78,37,0.01282051282051282,85
1725572,1,4,0,76,10,0.013157894736842105,81
3026556,1,3,2,75,45,0.013333333333333334,81
1674844,1,1,1,74,23,0.013513513513513514,77
1902453,1,7,3,74,39,0.013513513513513514,85
4003886,1,6,0,74,40,0.013513513513513514,81
2862133,1,4,1,73,24,0.0136986301369863,79
3141832,1,7,1,73,22,0.0136986301369863,82
3747586,1,2,1,73,26,0.0136986301369863,77
4261392,1,1,5,73,27,0.0136986301369863,80
749692,1,0,1,72,26,0.013888888888888888,74
1058331,1,0,5,72,14,0.013888888888888888,78
3298361,1,4,1,72,34,0.013888888888888888,78
3843209,1,1,3,72,27,0.013888888888888888,77
2493530,1,2,2,71,27,0.014084507042253521,76
3950077,1,1,2,71,27,0.014084507042253521,75
2475942,1,4,5,70,32,0.014285714285714285,80
3874527,1,3,0,70,26,0.014285714285714285,74
3911423,1,8,2,70,15,0.014285714285714285,81
4320339,1,5,1,70,30,0.014285714285714285,77
3068858,1,3,0,69,4,0.014492753623188406,73
1723409,1,12,4,68,39,0.014705882352941176,85
4974254,1,4,0,68,29,0.014705882352941176,73
1194737,1,13,5,67,34,0.014925373134328358,86
4056651,1,0,0,66,14,0.015151515151515152,67
4368942,1,2,2,66,52,0.015151515151515152,71
337243,1,6,2,65,33,0.015384615384615385,74
1382264,1,2,0,65,39,0.015384615384615385,68
2737340,1,1,2,65,39,0.015384615384615385,69
3076855,1,5,2,65,35,0.015384615384615385,73
2181439,1,1,0,64,11,0.015625,66
3795340,1,1,0,64,24,0.015625,66
4874492,1,4,2,64,34,0.015625,71
118577,1,3,1,63,2,0.015873015873015872,68
3057225,1,4,3,63,23,0.015873015873015872,71
3466318,1,8,6,63,38,0.015873015873015872,78
943641,1,0,0,62,25,0.016129032258064516,63
1421739,1,7,3,62,17,0.016129032258064516,73
4908092,1,3,4,62,40,0.016129032258064516,70
376030,1,7,1,61,21,0.01639344262295082,70
1487591,1,1,1,61,48,0.01639344262295082,64
4174942,1,2,6,61,23,0.01639344262295082,70
151831,1,3,0,60,23,0.016666666666666666,64
1448912,1,9,0,60,20,0.016666666666666666,70
4613485,1,1,2,60,28,0.016666666666666666,64
1631778,1,12,2,59,41,0.01694915254237288,74
381048,1,2,0,58,26,0.017241379310344827,61
1241067,1,2,0,58,13,0.017241379310344827,61
171128,1,4,1,57,10,0.017543859649122806,63
307335,1,4,2,57,33,0.017543859649122806,64
2101190,1,2,2,57,35,0.017543859649122806,62
579914,1,10,0,56,24,0.017857142857142856,67
1180629,1,2,7,56,31,0.017857142857142856,66
3570834,1,4,2,56,32,0.017857142857142856,63
182615,1,4,3,55,27,0.01818181818181818,63
377977,1,0,1,55,20,0.01818181818181818,57
577329,1,1,0,55,11,0.01818181818181818,57
2370648,1,6,1,55,5,0.01818181818181818,63
4338029,1,0,1,55,11,0.01818181818181818,57
332127,1,3,5,54,20,0.018518518518518517,63
1170772,1,5,4,54,42,0.018518518518518517,64
1879672,1,3,3,54,12,0.018518518518518517,61
3926800,1,1,0,54,16,0.018518518518518517,56
4365013,1,5,0,54,29,0.018518518518518517,60
329040,1,0,2,53,14,0.018867924528301886,56
1297315,1,5,0,53,14,0.018867924528301886,59
3326628,1,4,0,53,34,0.018867924528301886,58
4561988,1,2,1,53,25,0.018867924528301886,57
605237,1,5,0,52,19,0.019230769230769232,58
2429887,1,3,4,52,22,0.019230769230769232,60
2507053,1,8,3,52,36,0.019230769230769232,64
3571884,1,3,4,52,40,0.019230769230769232,60
4077585,1,3,1,52,17,0.019230769230769232,57
4532706,1,2,1,52,26,0.019230769230769232,56
4718542,1,6,0,52,16,0.019230769230769232,59
4734879,1,1,0,52,19,0.019230769230769232,54
1954691,1,5,6,51,35,0.0196078431372549,63
2164274,1,2,4,51,28,0.0196078431372549,58
2981856,1,3,7,51,26,0.0196078431372549,62
3173741,1,6,4,51,18,0.0196078431372549,62
2360985,1,6,0,50,12,0.02,57
2555621,1,3,1,50,26,0.02,55
3115770,1,1,0,50,11,0.02,52
3897299,1,7,0,50,17,0.02,58
4602388,1,0,4,50,22,0.02,55
4983053,1,2,2,50,39,0.02,55
5148696,1,3,1,50,18,0.02,55
864424,1,5,2,49,34,0.02040816326530612,57
3819363,1,2,1,49,12,0.02040816326530612,53
3941877,1,4,0,49,18,0.02040816326530612,54
4482016,1,4,5,49,36,0.02040816326530612,59
4804081,1,0,0,49,16,0.02040816326530612,50
1920171,1,1,1,48,26,0.020833333333333332,51
2429775,1,2,0,48,25,0.020833333333333332,51
3191556,1,3,3,48,43,0.020833333333333332,55
1910296,1,2,2,47,36,0.02127659574468085,52
4281067,1,7,1,47,19,0.02127659574468085,56
545775,1,2,2,46,16,0.021739130434782608,51
3652646,1,4,3,46,28,0.021739130434782608,54
4994388,1,2,2,46,21,0.021739130434782608,51
869764,1,6,1,45,26,0.022222222222222223,53
2714703,1,0,2,45,14,0.022222222222222223,48
2809407,1,4,1,45,14,0.022222222222222223,51
3512409,1,2,1,45,24,0.022222222222222223,49
4891188,1,0,2,45,11,0.022222222222222223,48
661759,1,1,2,44,19,0.022727272727272728,48
1037905,1,2,1,44,17,0.022727272727272728,48
1981996,1,2,1,44,23,0.022727272727272728,48
3007355,1,2,0,44,22,0.022727272727272728,47
3300651,1,5,0,44,15,0.022727272727272728,50
4018900,1,2,0,44,14,0.022727272727272728,47
4725649,1,4,0,44,21,0.022727272727272728,49
4883737,1,3,3,44,35,0.022727272727272728,51
425574,1,2,1,43,19,0.023255813953488372,47
1585420,1,1,12,43,19,0.023255813953488372,57
2148681,1,3,0,43,30,0.023255813953488372,47
3694648,1,2,1,43,21,0.023255813953488372,47
479837,1,3,2,42,19,0.023809523809523808,48
3736158,1,1,0,42,8,0.023809523809523808,44
4450414,1,2,0,42,16,0.023809523809523808,45
4467019,1,5,3,42,20,0.023809523809523808,51
4632044,1,5,1,42,23,0.023809523809523808,49
101859,1,0,2,41,19,0.024390243902439025,44
1579789,1,2,1,41,12,0.024390243902439025,45
1941546,1,0,0,41,4,0.024390243902439025,42
1961543,1,2,0,41,19,0.024390243902439025,44
2271402,1,1,3,41,31,0.024390243902439025,46
3465932,1,2,2,41,28,0.024390243902439025,46
3610536,1,6,3,41,21,0.024390243902439025,51
3832749,1,4,0,41,12,0.024390243902439025,46
4078898,1,3,0,41,15,0.024390243902439025,45
327651,1,7,0,40,26,0.025,48
1974051,1,4,1,40,18,0.025,46
3790162,1,4,1,40,20,0.025,46
4039865,1,1,0,40,25,0.025,42
4970201,1,0,1,40,27,0.025,42
1015419,1,3,1,39,29,0.02564102564102564,44
1356029,1,3,1,39,14,0.02564102564102564,44
1756314,1,2,2,39,23,0.02564102564102564,44
2467853,1,4,1,39,17,0.02564102564102564,45
4251131,1,1,2,39,26,0.02564102564102564,43
409729,1,6,3,38,36,0.02631578947368421,48
1069119,1,1,5,38,4,0.02631578947368421,45
1483715,1,1,3,38,22,0.02631578947368421,43
1519819,1,0,0,38,18,0.02631578947368421,39
2337136,1,1,2,38,11,0.02631578947368421,42
2455825,1,5,1,38,25,0.02631578947368421,45
2723232,1,7,2,38,9,0.02631578947368421,48
2887965,1,2,1,38,14,0.02631578947368421,42
3169295,1,0,1,38,18,0.02631578947368421,40
4397248,1,6,0,38,23,0.02631578947368421,45
653249,1,5,2,37,17,0.02702702702702703,45
2078551,1,3,1,37,29,0.02702702702702703,42
3556548,1,3,2,37,12,0.02702702702702703,43
4144410,1,3,2,37,17,0.02702702702702703,43
4208912,1,1,0,37,8,0.02702702702702703,39
4960437,1,2,0,37,18,0.02702702702702703,40
579105,1,2,0,36,19,0.027777777777777776,39
2479831,1,2,0,36,11,0.027777777777777776,39
2705662,1,1,1,36,18,0.027777777777777776,39
2859442,1,2,0,36,8,0.027777777777777776,39
3453741,1,2,1,36,21,0.027777777777777776,40
3840905,1,1,0,36,21,0.027777777777777776,38
4695078,1,1,4,36,15,0.027777777777777776,42
4850194,1,0,0,36,22,0.027777777777777776,37
205968,1,3,2,35,28,0.02857142857142857,41
1194451,1,3,0,35,6,0.02857142857142857,39
2538099,1,0,3,35,17,0.02857142857142857,39
547478,1,1,2,34,29,0.029411764705882353,38
1992078,1,0,1,34,13,0.029411764705882353,36
2603528,1,0,4,34,20,0.029411764705882353,39
4360192,1,0,2,34,24,0.029411764705882353,37
4683561,1,2,0,34,8,0.029411764705882353,37
74446,1,2,0,33,13,0.030303030303030304,36
1873826,1,7,1,33,29,0.030303030303030304,42
2012131,1,4,3,33,21,0.030303030303030304,41
2976589,1,7,1,33,21,0.030303030303030304,42
2997109,1,0,0,33,23,0.030303030303030304,34
3346906,1,2,0,33,18,0.030303030303030304,36
3789342,1,5,2,33,23,0.030303030303030304,41
3937919,1,0,4,33,17,0.030303030303030304,38
4527263,1,2,3,33,9,0.030303030303030304,39
4663501,1,1,0,33,20,0.030303030303030304,35
4829449,1,0,0,33,6,0.030303030303030304,34
285048,1,3,1,32,11,0.03125,37
491223,1,4,6,32,18,0.03125,43
1177618,1,2,3,32,15,0.03125,38
1693998,1,1,2,32,18,0.03125,36
1812396,1,3,1,32,23,0.03125,37
2666911,1,4,0,32,19,0.03125,37
2690374,1,5,5,32,17,0.03125,43
14900,1,0,2,31,15,0.03225806451612903,34
1132465,1,1,0,31,13,0.03225806451612903,33
1306853,1,3,1,31,10,0.03225806451612903,36
2019624,1,1,0,31,11,0.03225806451612903,33
2316980,1,2,1,31,17,0.03225806451612903,35
2616773,1,1,0,31,14,0.03225806451612903,33
3148538,1,0,2,31,11,0.03225806451612903,34
4148477,1,4,2,31,13,0.03225806451612903,38
157878,1,2,0,30,15,0.03333333333333333,33
266727,1,4,1,30,18,0.03333333333333333,36
807138,1,1,2,30,24,0.03333333333333333,34
807963,1,1,0,30,20,0.03333333333333333,32
1299473,1,4,0,30,5,0.03333333333333333,35
1340517,1,1,1,30,13,0.03333333333333333,33
1431715,1,3,0,30,16,0.03333333333333333,34
1916025,1,1,0,30,21,0.03333333333333333,32
2506339,1,1,1,30,15,0.03333333333333333,33
2561082,1,3,0,30,9,0.03333333333333333,34
2650391,1,0,0,30,22,0.03333333333333333,31
2818202,1,3,1,30,12,0.03333333333333333,35
3754679,1,7,0,30,27,0.03333333333333333,38
4089476,1,3,0,30,24,0.03333333333333333,34
4764977,1,0,0,30,13,0.03333333333333333,31
738670,1,0,1,29,9,0.034482758620689655,31
739663,1,2,1,29,22,0.034482758620689655,33
1373144,1,0,1,29,15,0.034482758620689655,31
2521664,1,3,0,29,13,0.034482758620689655,33
2691737,1,3,1,29,17,0.034482758620689655,34
3756841,1,0,0,29,6,0.034482758620689655,30
3795193,1,3,1,29,16,0.034482758620689655,34
4326723,1,4,1,29,14,0.034482758620689655,35
928449,1,1,1,28,20,0.03571428571428571,31
1030331,1,2,1,28,16,0.03571428571428571,32
1624041,1,1,1,28,11,0.03571428571428571,31
2160208,1,4,2,28,14,0.03571428571428571,35
2289814,1,2,1,28,11,0.03571428571428571,32
2327095,1,0,0,28,7,0.03571428571428571,29
2966276,1,1,4,28,23,0.03571428571428571,34
4118464,1,1,0,28,10,0.03571428571428571,30
4389342,1,3,1,28,18,0.03571428571428571,33
4435957,1,1,0,28,10,0.03571428571428571,30
4645906,1,4,0,28,13,0.03571428571428571,33
88511,1,1,1,27,6,0.037037037037037035,30
180183,1,1,0,27,19,0.037037037037037035,29
499049,1,7,3,27,10,0.037037037037037035,38
1372635,1,1,0,27,2,0.037037037037037035,29
1442665,1,1,0,27,8,0.037037037037037035,29
1604026,1,1,0,27,7,0.037037037037037035,29
1798340,1,5,2,27,27,0.037037037037037035,35
2111279,1,1,0,27,14,0.037037037037037035,29
2345211,1,1,1,27,16,0.037037037037037035,30
1343413,1,2,2,26,22,0.038461538461538464,31
1423654,1,3,0,26,25,0.038461538461538464,30
1488577,1,0,0,26,13,0.038461538461538464,27
2287226,1,0,0,26,18,0.038461538461538464,27
2803949,1,0,1,26,25,0.038461538461538464,28
2872294,1,2,0,26,8,0.038461538461538464,29
3099787,1,0,2,26,14,0.038461538461538464,29
4070504,1,0,0,26,17,0.038461538461538464,27
4980376,1,1,0,26,18,0.038461538461538464,28
10235,1,0,0,25,15,0.04,26
822242,1,1,1,25,3,0.04,28
979761,1,1,4,25,11,0.04,31
982221,1,4,0,25,17,0.04,30
1486580,1,3,0,25,13,0.04,29
1821455,1,3,0,25,12,0.04,29
1891872,1,1,0,25,11,0.04,27
2449664,1,3,2,25,14,0.04,31
2869260,1,2,1,25,10,0.04,29
3184079,1,4,0,25,5,0.04,30
3286162,1,2,0,25,13,0.04,28
3783852,1,1,0,25,11,0.04,27
4135404,1,1,3,25,5,0.04,30
4139079,1,1,4,25,17,0.04,31
4156438,1,4,0,25,16,0.04,30
4312352,1,3,2,25,12,0.04,31
4446527,1,3,2,25,12,0.04,31
4478620,1,2,0,25,11,0.04,28
5138762,1,4,2,25,6,0.04,32
678005,1,6,0,24,7,0.041666666666666664,31
1993741,1,0,1,24,19,0.041666666666666664,26
2620182,1,1,0,24,13,0.041666666666666664,26
3727100,1,1,0,24,9,0.041666666666666664,26
4716920,1,3,0,24,19,0.041666666666666664,28
5043656,1,5,0,24,12,0.041666666666666664,30
73030,1,0,2,23,5,0.043478260869565216,26
144028,1,3,3,23,12,0.043478260869565216,30
334831,1,3,0,23,8,0.043478260869565216,27
451092,1,1,3,23,12,0.043478260869565216,28
597734,1,3,1,23,13,0.043478260869565216,28
815579,1,0,0,23,7,0.043478260869565216,24
1248986,1,4,2,23,11,0.043478260869565216,30
1891626,1,2,5,23,15,0.043478260869565216,31
2193925,1,0,1,23,12,0.043478260869565216,25
2496932,1,5,1,23,22,0.043478260869565216,30
2608820,1,0,1,23,6,0.043478260869565216,25
3034658,1,3,3,23,12,0.043478260869565216,30
4372759,1,5,0,23,7,0.043478260869565216,29
4605315,1,0,0,23,9,0.043478260869565216,24
4695478,1,6,2,23,5,0.043478260869565216,32
4879255,1,0,2,23,11,0.043478260869565216,26
4912031,1,2,1,23,15,0.043478260869565216,27
685330,1,1,2,22,19,0.045454545454545456,26
720513,1,1,0,22,7,0.045454545454545456,24
1384330,1,4,2,22,16,0.045454545454545456,29
1876707,1,2,0,22,12,0.045454545454545456,25
1931469,1,0,0,22,4,0.045454545454545456,23
2429142,1,1,1,22,20,0.045454545454545456,25
2565857,1,1,0,22,8,0.045454545454545456,24
3448205,1,2,1,22,4,0.045454545454545456,26
3523150,1,0,3,22,8,0.045454545454545456,26
4616007,1,0,0,22,6,0.045454545454545456,23
4953826,1,0,1,22,15,0.045454545454545456,24
13767,1,1,0,21,5,0.047619047619047616,23
733013,1,2,0,21,13,0.047619047619047616,24
1066563,1,1,0,21,12,0.047619047619047616,23
1215367,1,3,0,21,11,0.047619047619047616,25
1345364,1,1,0,21,11,0.047619047619047616,23
1946069,1,1,0,21,12,0.047619047619047616,23
2161504,1,2,0,21,13,0.047619047619047616,24
2669578,1,5,0,21,7,0.047619047619047616,27
3311020,1,1,0,21,6,0.047619047619047616,23
3663224,1,3,1,21,13,0.047619047619047616,26
4185664,1,3,2,21,15,0.047619047619047616,27
4670238,1,0,1,21,6,0.047619047619047616,23
516198,1,0,0,20,9,0.05,21
541347,1,3,0,20,11,0.05,24
589018,1,1,1,20,10,0.05,23
1733466,1,1,0,20,11,0.05,22
1946811,1,1,0,20,11,0.05,22
1956773,1,0,4,20,13,0.05,25
2062239,1,1,2,20,19,0.05,24
2103141,1,2,0,20,5,0.05,23
2566328,1,3,1,20,16,0.05,25
2729004,1,0,0,20,14,0.05,21
2825431,1,3,0,20,11,0.05,24
2896749,1,0,0,20,7,0.05,21
3113031,1,0,0,20,14,0.05,21
3641324,1,0,3,20,14,0.05,24
4135185,1,0,0,20,9,0.05,21
4211233,1,0,7,20,3,0.05,28
4485778,1,0,0,20,12,0.05,21
4706843,1,2,0,20,8,0.05,23
5016461,1,0,0,20,6,0.05,21
5031298,1,0,0,20,3,0.05,21
529278,1,2,1,19,4,0.05263157894736842,23
573847,1,3,0,19,6,0.05263157894736842,23
677459,1,2,0,19,12,0.05263157894736842,22
731056,1,4,0,19,4,0.05263157894736842,24
1773435,1,0,0,19,5,0.05263157894736842,20
1984197,1,2,1,19,11,0.05263157894736842,23
2044695,1,1,0,19,7,0.05263157894736842,21
2969269,1,3,3,19,14,0.05263157894736842,26
3749027,1,2,0,19,8,0.05263157894736842,22
3958932,1,1,0,19,8,0.05263157894736842,21
4106517,1,1,2,19,11,0.05263157894736842,23
4524771,1,1,1,19,9,0.05263157894736842,22
4530743,1,1,0,19,11,0.05263157894736842,21
5059368,1,2,0,19,10,0.05263157894736842,22
65099,1,0,1,18,12,0.05555555555555555,20
119613,1,0,0,18,5,0.05555555555555555,19
362151,1,2,0,18,12,0.05555555555555555,21
560936,1,3,0,18,12,0.05555555555555555,22
1004392,1,3,0,18,11,0.05555555555555555,22
1329305,1,0,3,18,2,0.05555555555555555,22
1549753,1,0,0,18,3,0.05555555555555555,19
1990766,1,0,1,18,1,0.05555555555555555,20
2121141,1,0,2,18,7,0.05555555555555555,21
2988043,1,4,1,18,7,0.05555555555555555,24
3342150,1,5,0,18,11,0.05555555555555555,24
3566895,1,0,1,18,12,0.05555555555555555,20
3771608,1,0,1,18,11,0.05555555555555555,20
4528620,1,5,1,18,8,0.05555555555555555,25
839167,1,2,0,17,5,0.058823529411764705,20
944342,1,1,0,17,12,0.058823529411764705,19
1062391,1,0,0,17,6,0.058823529411764705,18
1418582,1,1,2,17,10,0.058823529411764705,21
2480068,1,1,0,17,6,0.058823529411764705,19
3003972,1,1,0,17,11,0.058823529411764705,19
3028359,1,4,0,17,6,0.058823529411764705,22
3057385,1,0,1,17,8,0.058823529411764705,19
3780203,1,1,0,17,7,0.058823529411764705,19
4567369,1,2,1,17,7,0.058823529411764705,21
4701519,1,1,0,17,4,0.058823529411764705,19
4982192,1,5,0,17,17,0.058823529411764705,23
256001,1,2,0,16,7,0.0625,19
318592,1,1,0,16,9,0.0625,18
476519,1,1,0,16,4,0.0625,18
571820,1,0,0,16,11,0.0625,17
609839,1,0,0,16,4,0.0625,17
865919,1,3,0,16,5,0.0625,20
873298,1,0,0,16,7,0.0625,17
1106292,1,0,0,16,10,0.0625,17
1482769,1,3,0,16,15,0.0625,20
1633142,1,0,0,16,11,0.0625,17
1829350,1,2,1,16,7,0.0625,20
2388400,1,1,1,16,11,0.0625,19
2878347,1,1,0,16,6,0.0625,18
3148589,1,0,1,16,4,0.0625,18
3177782,1,0,1,16,11,0.0625,18
3483523,1,1,1,16,9,0.0625,19
3862122,1,4,1,16,10,0.0625,22
3920794,1,1,0,16,15,0.0625,18
4372382,1,1,0,16,15,0.0625,18
4752941,1,6,0,16,6,0.0625,23
4942468,1,0,0,16,9,0.0625,17
5142197,1,3,0,16,12,0.0625,20
337775,1,1,1,15,10,0.06666666666666667,18
1500468,1,1,0,15,6,0.06666666666666667,17
1696979,1,3,1,15,14,0.06666666666666667,20
2100750,1,0,0,15,8,0.06666666666666667,16
2627745,1,1,0,15,6,0.06666666666666667,17
2839395,1,2,0,15,11,0.06666666666666667,18
3028501,1,2,0,15,11,0.06666666666666667,18
3550349,1,2,1,15,11,0.06666666666666667,19
3981531,1,4,2,15,11,0.06666666666666667,22
4329518,1,2,0,15,15,0.06666666666666667,18
4707763,1,0,1,15,9,0.06666666666666667,17
1088738,1,1,0,14,2,0.07142857142857142,16
1398739,1,1,0,14,10,0.07142857142857142,16
1632647,1,0,0,14,9,0.07142857142857142,15
2415413,1,4,0,14,7,0.07142857142857142,19
2432451,1,5,1,14,11,0.07142857142857142,21
2610791,1,2,0,14,5,0.07142857142857142,17
2920833,1,2,0,14,8,0.07142857142857142,17
3313438,1,1,0,14,10,0.07142857142857142,16
3739206,1,1,10,14,14,0.07142857142857142,26
3827546,1,6,1,14,11,0.07142857142857142,22
3934761,1,1,0,14,6,0.07142857142857142,16
4176158,1,3,0,14,9,0.07142857142857142,18
4205050,1,0,0,14,12,0.07142857142857142,15
4649026,1,0,0,14,2,0.07142857142857142,15
4755134,1,1,0,14,2,0.07142857142857142,16
4756730,1,0,0,14,8,0.07142857142857142,15
119365,1,1,0,13,8,0.07692307692307693,15
862523,1,4,2,13,11,0.07692307692307693,20
1175096,1,2,0,13,3,0.07692307692307693,16
1451783,1,2,1,13,9,0.07692307692307693,17
1838851,1,1,0,13,3,0.07692307692307693,15
1869802,1,1,0,13,8,0.07692307692307693,15
2110377,1,0,0,13,4,0.07692307692307693,14
2200766,1,0,0,13,4,0.07692307692307693,14
2278353,1,2,0,13,11,0.07692307692307693,16
2400671,1,1,0,13,4,0.07692307692307693,15
2471992,1,0,0,13,11,0.07692307692307693,14
2755933,1,2,0,13,5,0.07692307692307693,16
2961648,1,0,0,13,7,0.07692307692307693,14
3013991,1,1,0,13,6,0.07692307692307693,15
3264733,1,0,2,13,3,0.07692307692307693,16
3793843,1,0,1,13,12,0.07692307692307693,15
3937814,1,1,1,13,4,0.07692307692307693,16
4187784,1,1,0,13,3,0.07692307692307693,15
4735133,1,0,0,13,3,0.07692307692307693,14
4830567,1,0,0,13,10,0.07692307692307693,14
5083254,1,1,0,13,7,0.07692307692307693,15
523181,1,4,0,12,7,0.08333333333333333,17
685742,1,2,0,12,9,0.08333333333333333,15
842205,1,0,0,12,4,0.08333333333333333,13
1182766,1,0,0,12,4,0.08333333333333333,13
1774298,1,1,1,12,9,0.08333333333333333,15
2095707,1,1,2,12,6,0.08333333333333333,16
2244284,1,0,1,12,2,0.08333333333333333,14
2255207,1,2,0,12,3,0.08333333333333333,15
2515261,1,1,0,12,6,0.08333333333333333,14
2530620,1,1,1,12,10,0.08333333333333333,15
2535902,1,1,1,12,3,0.08333333333333333,15
2692253,1,1,0,12,8,0.08333333333333333,14
3467297,1,1,0,12,6,0.08333333333333333,14
3521514,1,0,0,12,5,0.08333333333333333,13
4077781,1,1,0,12,6,0.08333333333333333,14
4154011,1,1,0,12,2,0.08333333333333333,14
4258547,1,0,0,12,4,0.08333333333333333,13
4595580,1,1,1,12,9,0.08333333333333333,15
4768477,1,0,0,12,7,0.08333333333333333,13
305253,1,3,0,11,5,0.09090909090909091,15
392182,1,2,0,11,5,0.09090909090909091,14
972851,1,0,0,11,5,0.09090909090909091,12
1097635,1,0,2,11,9,0.09090909090909091,14
1298828,1,0,3,11,7,0.09090909090909091,15
2177033,1,1,0,11,5,0.09090909090909091,13
2357594,1,0,0,11,4,0.09090909090909091,12
2854994,1,2,0,11,7,0.09090909090909091,14
3257290,1,0,0,11,6,0.09090909090909091,12
3654707,1,0,0,11,8,0.09090909090909091,12
3709037,1,3,0,11,10,0.09090909090909091,15
3920188,1,0,0,11,8,0.09090909090909091,12
4173539,1,0,0,11,6,0.09090909090909091,12
4221401,1,2,0,11,5,0.09090909090909091,14
4509039,1,1,1,11,9,0.09090909090909091,14
106589,1,1,2,10,6,0.1,14
227085,1,0,0,10,3,0.1,11
577442,1,0,0,10,6,0.1,11
633295,1,0,0,10,6,0.1,11
666497,1,0,1,10,8,0.1,12
1007732,1,0,1,10,8,0.1,12
1321409,1,1,0,10,3,0.1,12
1635363,1,1,0,10,8,0.1,12
1833532,1,1,1,10,9,0.1,13
1986754,1,1,1,10,6,0.1,13
2168489,1,1,0,10,3,0.1,12
2223246,1,1,0,10,10,0.1,12
2393800,1,1,0,10,9,0.1,12
2677060,1,1,0,10,3,0.1,12
2737740,1,4,0,10,5,0.1,15
2801229,1,0,0,10,6,0.1,11
2854798,1,0,1,10,7,0.1,12
3124169,1,2,1,10,11,0.1,14
3244175,1,1,0,10,11,0.1,12
3258234,1,1,0,10,2,0.1,12
3503604,1,1,0,10,6,0.1,12
3720155,1,0,0,10,6,0.1,11
3852520,1,2,0,10,8,0.1,13
3944254,1,0,0,10,4,0.1,11
4880845,1,1,0,10,8,0.1,12
104209,1,3,0,9,1,0.1111111111111111,13
127525,1,2,0,9,4,0.1111111111111111,12
561067,1,0,2,9,8,0.1111111111111111,12
609791,1,4,1,9,8,0.1111111111111111,15
714348,1,0,0,9,7,0.1111111111111111,10
768709,1,1,2,9,6,0.1111111111111111,13
784055,1,0,0,9,4,0.1111111111111111,10
937184,1,0,0,9,4,0.1111111111111111,10
1536363,1,1,0,9,5,0.1111111111111111,11
1619893,1,0,0,9,7,0.1111111111111111,10
1739706,1,0,2,9,7,0.1111111111111111,12
1870458,1,1,0,9,5,0.1111111111111111,11
2599558,1,0,0,9,2,0.1111111111111111,10
2759887,1,1,0,9,8,0.1111111111111111,11
2774536,1,1,0,9,4,0.1111111111111111,11
2902064,1,0,0,9,3,0.1111111111111111,10
2949136,1,2,0,9,9,0.1111111111111111,12
3100408,1,2,0,9,6,0.1111111111111111,12
3139855,1,0,0,9,2,0.1111111111111111,10
3620998,1,0,2,9,1,0.1111111111111111,12
3772122,1,1,0,9,4,0.1111111111111111,11
3818487,1,0,0,9,4,0.1111111111111111,10
3839657,1,0,2,9,6,0.1111111111111111,12
3989777,1,2,0,9,6,0.1111111111111111,12
4201517,1,1,1,9,8,0.1111111111111111,12
4255953,1,1,1,9,8,0.1111111111111111,12
5134471,1,0,0,9,1,0.1111111111111111,10
538518,1,1,0,8,3,0.125,10
784897,1,1,1,8,7,0.125,11
882098,1,0,0,8,7,0.125,9
883306,1,1,1,8,5,0.125,11
984238,1,1,0,8,3,0.125,10
985237,1,2,0,8,6,0.125,11
1000959,1,1,0,8,5,0.125,10
1338176,1,0,0,8,7,0.125,9
1363301,1,2,0,8,3,0.125,11
1397281,1,2,1,8,11,0.125,12
1489467,1,0,0,8,5,0.125,9
1498957,1,0,0,8,5,0.125,9
2255371,1,0,0,8,4,0.125,9
2495000,1,1,0,8,8,0.125,10
2916918,1,0,0,8,5,0.125,9
2948088,1,1,0,8,3,0.125,10
3142427,1,1,0,8,4,0.125,10
3336289,1,2,1,8,8,0.125,12
3405515,1,0,0,8,4,0.125,9
4024494,1,0,1,8,3,0.125,10
4099608,1,0,1,8,5,0.125,10
4304606,1,1,0,8,5,0.125,10
4307960,1,3,0,8,6,0.125,12
4311343,1,0,0,8,6,0.125,9
4765593,1,4,0,8,6,0.125,13
4783904,1,0,0,8,3,0.125,9
4801438,1,0,0,8,5,0.125,9
4803457,1,1,0,8,2,0.125,10
5108899,1,1,0,8,8,0.125,10
153309,1,1,1,7,7,0.14285714285714285,10
219531,1,0,0,7,3,0.14285714285714285,8
258240,1,0,1,7,3,0.14285714285714285,9
328500,1,1,0,7,2,0.14285714285714285,9
461696,1,0,0,7,1,0.14285714285714285,8
671854,1,0,0,7,5,0.14285714285714285,8
757249,1,0,0,7,5,0.14285714285714285,8
828063,1,0,0,7,4,0.14285714285714285,8
1032791,1,0,0,7,6,0.14285714285714285,8
1044282,1,0,0,7,4,0.14285714285714285,8
1149584,1,1,0,7,7,0.14285714285714285,9
1405724,1,0,2,7,2,0.14285714285714285,10
2145811,1,0,0,7,1,0.14285714285714285,8
2505343,1,0,0,7,8,0.14285714285714285,8
2643222,1,0,1,7,7,0.14285714285714285,9
2677371,1,0,0,7,3,0.14285714285714285,8
3302877,1,0,1,7,5,0.14285714285714285,9
3478346,1,0,1,7,7,0.14285714285714285,9
3488278,1,0,1,7,1,0.14285714285714285,9
3547813,1,0,0,7,6,0.14285714285714285,8
3706262,1,1,0,7,6,0.14285714285714285,9
3761180,1,0,0,7,7,0.14285714285714285,8
3991166,1,0,0,7,7,0.14285714285714285,8
4014446,1,0,0,7,2,0.14285714285714285,8
4245405,1,0,2,7,1,0.14285714285714285,10
4376524,1,1,2,7,6,0.14285714285714285,11
4380386,1,2,0,7,8,0.14285714285714285,10
4981586,1,0,0,7,6,0.14285714285714285,8
5073012,1,0,1,7,2,0.14285714285714285,9
41527,1,0,0,6,5,0.16666666666666666,7
226943,1,2,0,6,3,0.16666666666666666,9
240013,1,0,0,6,5,0.16666666666666666,7
409878,1,2,0,6,4,0.16666666666666666,9
443490,1,0,0,6,6,0.16666666666666666,7
516813,1,0,0,6,5,0.16666666666666666,7
741645,1,2,0,6,4,0.16666666666666666,9
757182,1,0,0,6,5,0.16666666666666666,7
814178,1,1,1,6,6,0.16666666666666666,9
994464,1,0,2,6,8,0.16666666666666666,9
1032185,1,1,0,6,7,0.16666666666666666,8
1046845,1,0,1,6,2,0.16666666666666666,8
1107116,1,0,0,6,3,0.16666666666666666,7
1180396,1,0,0,6,4,0.16666666666666666,7
1186260,1,0,0,6,4,0.16666666666666666,7
1494023,1,0,0,6,6,0.16666666666666666,7
1608693,1,1,0,6,2,0.16666666666666666,8
1735933,1,0,0,6,5,0.16666666666666666,7
1818551,1,0,0,6,5,0.16666666666666666,7
1985331,1,0,0,6,5,0.16666666666666666,7
2438773,1,0,0,6,4,0.16666666666666666,7
2787897,1,0,0,6,4,0.16666666666666666,7
2814177,1,1,0,6,1,0.16666666666666666,8
3025028,1,0,0,6,3,0.16666666666666666,7
3084091,1,4,0,6,2,0.16666666666666666,11
3091219,1,1,0,6,7,0.16666666666666666,8
3113180,1,0,0,6,3,0.16666666666666666,7
3125533,1,0,0,6,7,0.16666666666666666,7
3769928,1,0,1,6,3,0.16666666666666666,8
3794880,1,0,0,6,3,0.16666666666666666,7
3812262,1,0,0,6,1,0.16666666666666666,7
5074895,1,0,0,6,6,0.16666666666666666,7
24976,1,0,0,5,5,0.2,6
68149,1,0,1,5,6,0.2,7
183516,1,0,0,5,2,0.2,6
331892,1,3,0,5,5,0.2,9
431060,1,0,0,5,4,0.2,6
602012,1,1,0,5,4,0.2,7
654045,1,0,0,5,6,0.2,6
667349,1,0,0,5,4,0.2,6
813818,1,0,2,5,5,0.2,8
892254,1,1,0,5,6,0.2,7
1252294,1,0,0,5,3,0.2,6
1305565,1,1,0,5,2,0.2,7
1340836,1,0,0,5,5,0.2,6
1648035,1,1,0,5,4,0.2,7
1958275,1,3,0,5,6,0.2,9
2081312,1,1,0,5,2,0.2,7
2137141,1,0,1,5,3,0.2,7
2183205,1,1,0,5,5,0.2,7
2671549,1,0,0,5,4,0.2,6
2772178,1,1,0,5,5,0.2,7
2923068,1,0,1,5,5,0.2,7
3191795,1,0,0,5,3,0.2,6
3243754,1,0,0,5,3,0.2,6
3342722,1,0,0,5,6,0.2,6
3511975,1,1,0,5,7,0.2,7
3544478,1,2,0,5,2,0.2,8
3732988,1,0,1,5,4,0.2,7
3754527,1,0,1,5,5,0.2,7
3882401,1,4,0,5,5,0.2,10
3972128,1,1,1,5,5,0.2,8
3979081,1,1,0,5,6,0.2,7
4074849,1,0,0,5,5,0.2,6
4202214,1,0,0,5,4,0.2,6
4327791,1,1,0,5,6,0.2,7
4486005,1,1,0,5,3,0.2,7
4776096,1,0,0,5,2,0.2,6
4968783,1,0,1,5,5,0.2,7
4992952,1,2,4,5,5,0.2,12
83709,1,1,0,4,4,0.25,6
558076,1,2,0,4,6,0.25,7
841074,1,0,0,4,4,0.25,5
916918,1,0,0,4,5,0.25,5
1124842,1,0,0,4,4,0.25,5
1236409,1,0,0,4,4,0.25,5
1263562,1,0,0,4,1,0.25,5
1283234,1,0,0,4,1,0.25,5
1321841,1,0,0,4,2,0.25,5
1352609,1,2,1,4,5,0.25,8
1357611,1,1,0,4,1,0.25,6
1605765,1,0,0,4,5,0.25,5
1677989,1,0,1,4,3,0.25,6
1807171,1,0,0,4,1,0.25,5
1813868,1,0,0,4,4,0.25,5
1896842,1,1,0,4,4,0.25,6
2018837,1,0,0,4,3,0.25,5
2046640,1,0,1,4,4,0.25,6
2201622,1,2,0,4,5,0.25,7
2466824,1,0,0,4,4,0.25,5
2581843,1,1,0,4,4,0.25,6
2783282,1,0,0,4,5,0.25,5
3045016,1,0,1,4,2,0.25,6
3049193,1,0,0,4,4,0.25,5
3211701,1,0,0,4,3,0.25,5
3298620,1,0,0,4,1,0.25,5
3647870,1,0,0,4,4,0.25,5
3661575,1,1,0,4,4,0.25,6
3717634,1,2,0,4,5,0.25,7
3751309,1,1,0,4,5,0.25,6
3808001,1,0,0,4,2,0.25,5
3882202,1,1,0,4,5,0.25,6
3980291,1,0,1,4,4,0.25,6
4291697,1,0,0,4,1,0.25,5
4337219,1,0,1,4,2,0.25,6
4400913,1,0,0,4,3,0.25,5
82924,1,1,0,3,3,0.3333333333333333,5
203384,1,0,0,3,2,0.3333333333333333,4
357197,1,2,0,3,3,0.3333333333333333,6
826700,1,0,0,3,2,0.3333333333333333,4
958821,1,0,0,3,4,0.3333333333333333,4
991317,1,1,0,3,3,0.3333333333333333,5
992333,1,0,0,3,3,0.3333333333333333,4
1169371,1,0,0,3,1,0.3333333333333333,4
1247724,1,0,0,3,1,0.3333333333333333,4
1410963,1,1,0,3,2,0.3333333333333333,5
1472127,1,0,0,3,2,0.3333333333333333,4
1547412,1,1,0,3,3,0.3333333333333333,5
1594549,1,0,0,3,2,0.3333333333333333,4
1921180,1,0,0,3,1,0.3333333333333333,4
1955349,1,0,0,3,4,0.3333333333333333,4
1996243,1,1,0,3,2,0.3333333333333333,5
2081583,1,0,0,3,2,0.3333333333333333,4
2265930,1,1,0,3,2,0.3333333333333333,5
2331548,1,0,0,3,2,0.3333333333333333,4
2476651,1,0,0,3,2,0.3333333333333333,4
2477357,1,0,0,3,2,0.3333333333333333,4
2559494,1,1,0,3,4,0.3333333333333333,5
2686648,1,0,0,3,3,0.3333333333333333,4
2783548,1,0,1,3,3,0.3333333333333333,5
2992415,1,1,0,3,5,0.3333333333333333,5
3092732,1,0,1,3,5,0.3333333333333333,5
3102658,1,8,0,3,2,0.3333333333333333,12
3458141,1,1,0,3,1,0.3333333333333333,5
3670457,1,0,0,3,4,0.3333333333333333,4
3783926,1,0,0,3,4,0.3333333333333333,4
3955430,1,1,0,3,2,0.3333333333333333,5
3998373,1,0,0,3,2,0.3333333333333333,4
4241691,1,0,3,3,3,0.3333333333333333,7
4298764,1,0,0,3,3,0.3333333333333333,4
4534846,1,1,0,3,2,0.3333333333333333,5
4573973,1,0,1,3,3,0.3333333333333333,5
4859530,1,0,2,3,6,0.3333333333333333,6
4909025,1,0,1,3,3,0.3333333333333333,5
4990074,1,0,0,3,1,0.3333333333333333,4
119869,1,0,0,2,2,0.5,3
324865,1,1,0,2,3,0.5,4
462791,1,1,0,2,3,0.5,4
539671,1,0,0,2,1,0.5,3
553565,1,0,0,2,1,0.5,3
887563,1,0,0,2,3,0.5,3
976550,1,0,0,2,2,0.5,3
999348,1,1,0,2,1,0.5,4
1029306,1,0,0,2,2,0.5,3
1066775,1,1,0,2,2,0.5,4
1104822,1,0,0,2,3,0.5,3
1203804,1,0,0,2,2,0.5,3
1490433,1,0,0,2,2,0.5,3
1516260,1,0,0,2,3,0.5,3
1759436,1,0,0,2,3,0.5,3
2142247,1,0,0,2,2,0.5,3
2272886,1,1,0,2,1,0.5,4
2356118,1,0,0,2,1,0.5,3
2375123,1,0,0,2,1,0.5,3
2533022,1,0,0,2,2,0.5,3
3274325,1,1,0,2,4,0.5,4
3491350,1,1,0,2,1,0.5,4
3506316,1,0,0,2,2,0.5,3
3533922,1,0,0,2,1,0.5,3
3606606,1,0,0,2,1,0.5,3
4435317,1,1,0,2,2,0.5,4
4514070,1,0,0,2,3,0.5,3
4551473,1,0,0,2,3,0.5,3
4764531,1,1,0,2,3,0.5,4
4897779,1,0,0,2,1,0.5,3
569663,1,0,0,1,1,1.0,2
589207,1,0,0,1,1,1.0,2
825827,1,2,0,1,1,1.0,4
886304,1,0,0,1,1,1.0,2
930394,1,0,0,1,2,1.0,2
991102,1,0,0,1,2,1.0,2
1124123,1,1,0,1,2,1.0,3
1278924,1,0,0,1,2,1.0,2
1303652,1,0,0,1,2,1.0,2
1702673,1,0,0,1,2,1.0,2
1911903,1,0,0,1,1,1.0,2
1995431,1,0,0,1,1,1.0,2
2244246,1,0,0,1,1,1.0,2
2382826,1,0,1,1,2,1.0,3
2450935,1,0,0,1,1,1.0,2
2454604,1,0,0,1,2,1.0,2
2953998,1,0,0,1,2,1.0,2
3024544,1,0,0,1,1,1.0,2
3229336,1,0,0,1,2,1.0,2
3399342,1,0,0,1,2,1.0,2
3589047,1,0,0,1,1,1.0,2
3605124,1,0,0,1,2,1.0,2
3759373,1,1,0,1,2,1.0,3
3873465,1,0,0,1,2,1.0,2
4045243,1,0,0,1,1,1.0,2
4187879,1,0,0,1,1,1.0,2
4214565,1,0,0,1,2,1.0,2
4297603,1,0,0,1,2,1.0,2
4453116,1,0,1,1,1,1.0,3
4524254,1,0,0,1,2,1.0,2
4724418,1,0,0,1,1,1.0,2
4775659,1,0,0,1,1,1.0,2
4786595,1,0,0,1,2,1.0,2
4859698,1,0,0,1,1,1.0,2
4883976,1,0,1,1,2,1.0,3
4897452,1,1,0,1,3,1.0,3
186756,1,1,0,0,1,,2
249998,1,0,0,0,1,,1
981149,1,0,0,0,1,,1
1059480,1,0,0,0,1,,1
1174795,1,2,0,0,3,,3
1330074,1,1,0,0,1,,2
1335333,1,0,0,0,1,,1
1349710,1,0,0,0,1,,1
1371504,1,0,0,0,1,,1
1502525,1,0,0,0,1,,1
1628418,1,0,0,0,1,,1
1674186,1,1,0,0,2,,2
2147505,1,0,0,0,1,,1
2319794,1,0,0,0,1,,1
2360356,1,0,0,0,1,,1
2715353,1,0,0,0,1,,1
3132587,1,0,0,0,1,,1
3355288,1,0,0,0,1,,1
3858594,1,0,0,0,1,,1
4370954,1,0,0,0,1,,1
4417552,1,0,0,0,1,,1
4534650,1,0,0,0,1,,1
4905451,1,0,0,0,1,,1
4953476,1,0,0,0,1,,1
5132968,1,0,0,0,1,,1
1207887,0,16,11,818,172,0.0,845
3597057,0,11,16,389,123,0.0,416
4051859,0,23,1,358,87,0.0,382
2806049,0,4,7,298,91,0.0,309
3457718,0,9,5,253,120,0.0,267
4825728,0,7,3,247,117,0.0,257
1343555,0,3,3,245,47,0.0,251
2596428,0,14,3,241,105,0.0,258
4655941,0,8,5,231,86,0.0,244
202297,0,6,2,223,72,0.0,231
1392527,0,5,5,212,94,0.0,222
2891509,0,11,6,202,70,0.0,219
4662072,0,8,2,185,79,0.0,195
133377,0,21,7,182,96,0.0,210
500212,0,8,5,170,70,0.0,183
3795317,0,4,1,155,68,0.0,160
562852,0,9,11,149,51,0.0,169
1526856,0,4,3,147,60,0.0,154
1988066,0,4,1,143,20,0.0,148
4733463,0,3,1,140,41,0.0,144
1026507,0,4,2,136,46,0.0,142
3388914,0,3,4,133,100,0.0,140
1253595,0,8,2,129,49,0.0,139
306202,0,11,3,128,72,0.0,142
2922264,0,7,7,127,112,0.0,141
3159480,0,10,4,127,67,0.0,141
4004564,0,2,3,127,34,0.0,132
21059,0,2,6,126,43,0.0,134
2066340,0,2,0,126,35,0.0,128
784830,0,7,8,124,55,0.0,139
399287,0,17,11,122,67,0.0,150
3833912,0,12,5,115,33,0.0,132
3126258,0,9,0,114,65,0.0,123
3788576,0,5,1,113,82,0.0,119
4656948,0,1,2,112,13,0.0,115
3935164,0,9,5,109,44,0.0,123
4393424,0,4,1,109,35,0.0,114
1629035,0,11,9,108,76,0.0,128
1202097,0,11,3,106,60,0.0,120
1725832,0,6,1,105,59,0.0,112
4757812,0,10,5,105,54,0.0,120
2805193,0,6,2,99,38,0.0,107
3335147,0,9,5,99,57,0.0,113
4980533,0,3,5,99,40,0.0,107
884828,0,3,1,98,56,0.0,102
1665992,0,2,0,98,48,0.0,100
341057,0,3,0,97,14,0.0,100
1132429,0,0,4,97,26,0.0,101
2685357,0,5,1,97,35,0.0,103
2747756,0,3,5,97,39,0.0,105
4364882,0,6,2,97,61,0.0,105
3531700,0,2,1,96,35,0.0,99
820597,0,0,0,94,41,0.0,94
3436852,0,0,9,94,22,0.0,103
432873,0,7,4,90,39,0.0,101
539513,0,0,4,90,40,0.0,94
1630295,0,5,0,90,67,0.0,95
1829891,0,1,1,90,61,0.0,92
2750247,0,6,3,89,42,0.0,98
858800,0,4,0,88,38,0.0,92
3733874,0,5,2,88,20,0.0,95
3919304,0,8,0,88,44,0.0,96
466806,0,10,1,87,25,0.0,98
3544253,0,3,0,87,58,0.0,90
1676308,0,2,1,86,79,0.0,89
378698,0,2,0,85,31,0.0,87
1795157,0,0,1,85,37,0.0,86
1805756,0,5,3,84,17,0.0,92
3033798,0,12,3,84,40,0.0,99
1556856,0,4,6,82,23,0.0,92
3224824,0,3,3,82,21,0.0,88
3252563,0,4,7,82,35,0.0,93
3404739,0,5,2,82,42,0.0,89
1481335,0,3,0,81,31,0.0,84
2914063,0,0,2,81,33,0.0,83
4625363,0,4,2,81,42,0.0,87
153285,0,4,0,80,49,0.0,84
2319611,0,5,1,79,24,0.0,85
4018452,0,6,3,79,30,0.0,88
181348,0,8,4,78,35,0.0,90
2684959,0,2,3,78,63,0.0,83
3751366,0,0,4,78,37,0.0,82
4236628,0,1,0,78,42,0.0,79
1273811,0,5,0,77,44,0.0,82
3587108,0,2,3,77,15,0.0,82
4170829,0,2,0,77,25,0.0,79
1765288,0,0,0,75,32,0.0,75
4517019,0,6,1,75,53,0.0,82
475867,0,2,9,74,27,0.0,85
2066454,0,5,3,74,34,0.0,82
2547494,0,1,0,74,38,0.0,75
4728774,0,8,4,74,33,0.0,86
1386805,0,3,1,73,13,0.0,77
1898686,0,7,2,73,41,0.0,82
3135863,0,6,8,73,20,0.0,87
2652700,0,3,1,72,32,0.0,76
2957371,0,1,1,72,10,0.0,74
108793,0,4,1,70,26,0.0,75
3963773,0,1,1,70,19,0.0,72
3763517,0,2,3,69,27,0.0,74
4065839,0,6,5,69,35,0.0,80
5101104,0,3,3,68,15,0.0,74
703852,0,0,4,66,22,0.0,70
1151115,0,6,1,66,27,0.0,73
2706436,0,0,3,66,25,0.0,69
903158,0,3,1,65,50,0.0,69
4235673,0,2,3,65,28,0.0,70
212449,0,1,1,64,27,0.0,66
393663,0,0,0,64,32,0.0,64
1741711,0,4,4,64,24,0.0,72
4553088,0,0,1,64,7,0.0,65
322167,0,5,4,63,21,0.0,72
1125484,0,7,8,63,25,0.0,78
3967525,0,4,4,63,25,0.0,71
4402326,0,2,3,63,16,0.0,68
4780027,0,0,1,63,7,0.0,64
3150229,0,2,1,62,21,0.0,65
1574064,0,10,3,61,19,0.0,74
1666488,0,0,1,61,4,0.0,62
4974494,0,0,2,61,21,0.0,63
2478177,0,0,1,60,38,0.0,61
2794490,0,4,0,60,24,0.0,64
1655632,0,3,5,59,45,0.0,67
4212922,0,0,5,59,63,0.0,64
5066426,0,2,1,59,28,0.0,62
96655,0,4,1,58,7,0.0,63
351048,0,6,3,58,17,0.0,67
1297791,0,3,0,58,29,0.0,61
1691286,0,0,3,58,20,0.0,61
3106495,0,4,1,58,29,0.0,63
4526708,0,0,8,58,5,0.0,66
1635619,0,5,3,57,19,0.0,65
1793060,0,0,1,57,24,0.0,58
4191275,0,1,1,57,21,0.0,59
4656779,0,2,1,57,22,0.0,60
745134,0,1,0,56,9,0.0,57
1868174,0,3,0,56,23,0.0,59
2565960,0,1,1,56,8,0.0,58
3549297,0,6,0,56,15,0.0,62
3701839,0,3,0,56,7,0.0,59
1302259,0,2,0,55,16,0.0,57
3680035,0,5,1,55,29,0.0,61
950439,0,3,0,54,27,0.0,57
2026907,0,0,2,54,27,0.0,56
2727862,0,5,0,54,29,0.0,59
1204223,0,7,2,53,27,0.0,62
16219,0,5,4,52,33,0.0,61
348175,0,3,0,52,21,0.0,55
1016735,0,0,1,52,20,0.0,53
1569885,0,2,3,52,13,0.0,57
4044118,0,5,3,52,22,0.0,60
490076,0,3,1,51,24,0.0,55
600175,0,2,1,51,17,0.0,54
809709,0,3,4,51,14,0.0,58
1604691,0,2,1,51,20,0.0,54
2575132,0,0,0,51,18,0.0,51
3042444,0,2,3,51,14,0.0,56
634034,0,4,0,50,16,0.0,54
1161981,0,0,1,49,18,0.0,50
1547974,0,0,0,49,6,0.0,49
1643094,0,1,2,49,23,0.0,52
3773865,0,3,1,49,9,0.0,53
4515486,0,3,0,49,28,0.0,52
4774660,0,0,2,49,13,0.0,51
643752,0,2,5,48,30,0.0,55
1250975,0,1,3,48,22,0.0,52
1952564,0,3,0,48,18,0.0,51
2114916,0,0,0,48,3,0.0,48
2431602,0,0,0,48,19,0.0,48
2998328,0,2,1,48,22,0.0,51
3443691,0,1,1,48,18,0.0,50
3893770,0,1,1,48,10,0.0,50
4296516,0,0,3,48,16,0.0,51
139590,0,1,2,47,27,0.0,50
167871,0,1,1,47,21,0.0,49
2860698,0,0,1,47,13,0.0,48
4032007,0,3,1,47,21,0.0,51
24104,0,0,0,46,31,0.0,46
1276979,0,8,6,46,18,0.0,60
2773917,0,2,0,46,11,0.0,48
3590468,0,3,3,45,34,0.0,51
3708707,0,3,1,45,26,0.0,49
1292812,0,4,3,44,17,0.0,51
1487638,0,1,0,44,17,0.0,45
2672589,0,0,1,44,3,0.0,45
2860496,0,3,1,44,22,0.0,48
454555,0,1,0,43,21,0.0,44
820364,0,6,1,43,16,0.0,50
2358943,0,0,0,43,9,0.0,43
3566542,0,2,2,43,18,0.0,47
3876855,0,1,0,43,23,0.0,44
4096107,0,4,3,43,32,0.0,50
4649218,0,3,0,43,9,0.0,46
399980,0,1,3,42,14,0.0,46
669762,0,7,4,42,22,0.0,53
721242,0,7,1,42,24,0.0,50
841380,0,8,1,42,16,0.0,51
1451041,0,2,1,42,12,0.0,45
2905937,0,1,0,42,12,0.0,43
3309245,0,4,8,42,11,0.0,54
3825280,0,1,2,42,30,0.0,45
832574,0,4,1,41,17,0.0,46
1104384,0,2,1,41,22,0.0,44
1622413,0,1,1,41,15,0.0,43
4772448,0,1,1,41,12,0.0,43
751105,0,3,0,40,21,0.0,43
4513450,0,2,1,40,35,0.0,43
4811586,0,10,0,40,8,0.0,50
1014423,0,5,1,39,11,0.0,45
1396935,0,0,2,39,9,0.0,41
1539758,0,1,1,39,16,0.0,41
3130529,0,0,1,39,16,0.0,40
3360956,0,0,0,39,18,0.0,39
3415753,0,4,1,39,14,0.0,44
3519978,0,8,3,39,34,0.0,50
4285475,0,1,0,39,10,0.0,40
4525249,0,1,0,39,36,0.0,40
4970240,0,6,0,39,9,0.0,45
385383,0,1,2,38,14,0.0,41
1168771,0,1,0,38,10,0.0,39
1729922,0,0,1,38,17,0.0,39
2253689,0,1,2,38,22,0.0,41
2917289,0,2,3,38,11,0.0,43
3401301,0,1,2,38,12,0.0,41
4396417,0,1,2,38,17,0.0,41
633394,0,1,1,37,15,0.0,39
708574,0,1,2,37,14,0.0,40
1086659,0,0,1,37,37,0.0,38
1778777,0,0,3,37,14,0.0,40
2016297,0,2,0,37,7,0.0,39
2292764,0,0,2,37,14,0.0,39
2408283,0,3,0,37,2,0.0,40
3084958,0,0,0,37,12,0.0,37
4411052,0,1,1,37,10,0.0,39
376840,0,1,0,36,24,0.0,37
622741,0,1,0,36,9,0.0,37
645856,0,0,0,36,12,0.0,36
1729588,0,0,1,36,8,0.0,37
1982376,0,5,3,36,12,0.0,44
2268637,0,2,0,36,25,0.0,38
2344159,0,0,0,36,14,0.0,36
2571201,0,6,1,36,9,0.0,43
2960717,0,1,3,36,12,0.0,40
3521896,0,2,1,36,12,0.0,39
4808228,0,0,0,36,14,0.0,36
164365,0,0,2,35,15,0.0,37
728641,0,1,0,35,21,0.0,36
954435,0,5,1,35,17,0.0,41
1075533,0,3,0,35,11,0.0,38
1314876,0,4,1,35,8,0.0,40
1368409,0,2,1,35,22,0.0,38
2212343,0,1,0,35,19,0.0,36
2559771,0,0,2,35,11,0.0,37
3757435,0,6,0,35,15,0.0,41
4185300,0,5,2,35,24,0.0,42
4315564,0,1,0,35,15,0.0,36
4823943,0,0,1,35,14,0.0,36
722797,0,2,0,34,12,0.0,36
1080925,0,3,1,34,17,0.0,38
1560806,0,0,0,34,34,0.0,34
1565736,0,2,0,34,8,0.0,36
1597658,0,2,0,34,6,0.0,36
2161099,0,0,1,34,27,0.0,35
2409937,0,1,0,34,26,0.0,35
3206550,0,1,1,34,20,0.0,36
3786139,0,2,0,34,14,0.0,36
3786362,0,0,0,34,7,0.0,34
4239038,0,3,1,34,18,0.0,38
493676,0,0,6,33,7,0.0,39
2243133,0,2,1,33,14,0.0,36
2834771,0,0,1,33,22,0.0,34
3121949,0,0,0,33,15,0.0,33
3715096,0,0,0,33,12,0.0,33
3796606,0,1,0,33,9,0.0,34
4036269,0,4,1,33,21,0.0,38
4174564,0,0,0,33,22,0.0,33
4600060,0,1,1,33,25,0.0,35
4965802,0,0,0,33,12,0.0,33
5068419,0,1,0,33,15,0.0,34
140970,0,2,0,32,30,0.0,34
625430,0,0,0,32,12,0.0,32
826250,0,1,0,32,6,0.0,33
963661,0,0,1,32,18,0.0,33
1443292,0,2,2,32,29,0.0,36
1493374,0,2,0,32,8,0.0,34
1553570,0,0,0,32,1,0.0,32
1633002,0,1,1,32,20,0.0,34
2233438,0,0,1,32,21,0.0,33
3366905,0,0,0,32,26,0.0,32
3777112,0,1,0,32,28,0.0,33
3791692,0,1,2,32,7,0.0,35
4622605,0,1,0,32,30,0.0,33
4643586,0,0,0,32,1,0.0,32
61626,0,2,0,31,23,0.0,33
350027,0,0,3,31,22,0.0,34
606970,0,2,2,31,10,0.0,35
796075,0,1,0,31,17,0.0,32
1379027,0,0,1,31,9,0.0,32
2923390,0,0,1,31,7,0.0,32
3273619,0,4,3,31,24,0.0,38
3479353,0,1,9,31,16,0.0,41
3983988,0,3,0,31,22,0.0,34
4055505,0,1,1,31,13,0.0,33
4207901,0,0,1,31,5,0.0,32
4572192,0,0,0,31,11,0.0,31
4736710,0,1,0,31,10,0.0,32
537820,0,0,0,30,9,0.0,30
802833,0,2,0,30,16,0.0,32
1149385,0,3,0,30,10,0.0,33
1885829,0,1,0,30,22,0.0,31
2064458,0,2,2,30,16,0.0,34
62469,0,3,2,29,21,0.0,34
515200,0,2,1,29,22,0.0,32
519791,0,1,0,29,6,0.0,30
1301428,0,1,1,29,16,0.0,31
1909440,0,0,0,29,9,0.0,29
2238843,0,4,0,29,14,0.0,33
2609943,0,0,0,29,17,0.0,29
3130892,0,1,0,29,7,0.0,30
3834430,0,3,2,29,17,0.0,34
3901339,0,1,0,29,9,0.0,30
4397687,0,2,0,29,9,0.0,31
93002,0,0,0,28,4,0.0,28
294296,0,1,2,28,17,0.0,31
462551,0,0,1,28,13,0.0,29
558667,0,0,2,28,14,0.0,30
878813,0,2,0,28,4,0.0,30
1811343,0,4,0,28,20,0.0,32
2125732,0,0,0,28,9,0.0,28
3704829,0,0,0,28,5,0.0,28
3721625,0,1,1,28,14,0.0,30
3752987,0,0,0,28,2,0.0,28
4282985,0,1,0,28,15,0.0,29
4369584,0,3,0,28,6,0.0,31
4414464,0,2,0,28,14,0.0,30
5037641,0,0,0,28,14,0.0,28
5126295,0,1,0,28,13,0.0,29
70270,0,0,0,27,12,0.0,27
436573,0,1,0,27,10,0.0,28
529054,0,3,0,27,13,0.0,30
717033,0,2,0,27,10,0.0,29
888921,0,2,1,27,18,0.0,30
973389,0,0,0,27,17,0.0,27
1264320,0,0,0,27,14,0.0,27
1480207,0,1,0,27,19,0.0,28
1905278,0,0,0,27,12,0.0,27
1959284,0,1,0,27,11,0.0,28
2322896,0,1,0,27,17,0.0,28
2358229,0,0,0,27,6,0.0,27
2512930,0,1,2,27,12,0.0,30
2835439,0,3,0,27,15,0.0,30
3576283,0,1,2,27,18,0.0,30
3889118,0,1,1,27,20,0.0,29
4228623,0,4,0,27,17,0.0,31
4336046,0,5,0,27,15,0.0,32
4939021,0,1,5,27,29,0.0,33
5029362,0,1,0,27,19,0.0,28
5103002,0,1,2,27,7,0.0,30
5126058,0,3,3,27,11,0.0,33
547606,0,0,0,26,13,0.0,26
589513,0,0,0,26,11,0.0,26
1117956,0,0,1,26,4,0.0,27
1548548,0,0,0,26,9,0.0,26
1783394,0,4,1,26,8,0.0,31
2636586,0,0,0,26,10,0.0,26
2765736,0,2,1,26,10,0.0,29
3138353,0,4,0,26,13,0.0,30
3251598,0,0,3,26,9,0.0,29
4182213,0,2,0,26,13,0.0,28
4672150,0,3,1,26,16,0.0,30
4921353,0,0,1,26,10,0.0,27
722302,0,0,1,25,10,0.0,26
1447294,0,0,1,25,10,0.0,26
1647415,0,3,1,25,14,0.0,29
1672064,0,4,3,25,24,0.0,32
2160135,0,0,3,25,8,0.0,28
2495674,0,4,0,25,10,0.0,29
2573442,0,1,2,25,5,0.0,28
2816302,0,1,0,25,9,0.0,26
3038961,0,0,0,25,17,0.0,25
3282340,0,0,0,25,8,0.0,25
3287694,0,0,3,25,4,0.0,28
4947302,0,2,2,25,17,0.0,29
222559,0,5,3,24,28,0.0,32
1167492,0,1,0,24,18,0.0,25
1368186,0,2,1,24,16,0.0,27
1643917,0,0,0,24,4,0.0,24
1918078,0,1,0,24,2,0.0,25
2426100,0,4,0,24,11,0.0,28
2523199,0,2,1,24,11,0.0,27
2585015,0,1,3,24,8,0.0,28
2798696,0,0,3,24,24,0.0,27
3348105,0,0,4,24,15,0.0,28
4164898,0,2,0,24,6,0.0,26
4850337,0,0,0,24,14,0.0,24
4870077,0,0,0,24,13,0.0,24
5109297,0,3,1,24,16,0.0,28
576099,0,0,0,23,8,0.0,23
711599,0,1,0,23,4,0.0,24
824180,0,3,0,23,9,0.0,26
863892,0,0,0,23,6,0.0,23
2505953,0,0,2,23,9,0.0,25
2508333,0,1,2,23,10,0.0,26
2910107,0,1,2,23,3,0.0,26
3712511,0,2,2,23,13,0.0,27
4082111,0,1,0,23,11,0.0,24
4214800,0,3,4,23,16,0.0,30
4215937,0,4,0,23,9,0.0,27
4260727,0,1,0,23,5,0.0,24
4333465,0,4,0,23,4,0.0,27
4437368,0,1,0,23,12,0.0,24
4612468,0,4,1,23,10,0.0,28
4683311,0,9,0,23,17,0.0,32
4781613,0,0,0,23,17,0.0,23
4928116,0,0,1,23,23,0.0,24
5024228,0,3,1,23,18,0.0,27
148169,0,0,0,22,15,0.0,22
184290,0,2,0,22,12,0.0,24
330260,0,0,0,22,8,0.0,22
457507,0,3,0,22,5,0.0,25
585178,0,2,0,22,10,0.0,24
645479,0,0,0,22,14,0.0,22
761059,0,4,0,22,16,0.0,26
811638,0,0,1,22,11,0.0,23
1053312,0,1,0,22,13,0.0,23
1127151,0,0,1,22,14,0.0,23
1397059,0,1,0,22,12,0.0,23
1747827,0,1,0,22,11,0.0,23
1899335,0,0,0,22,7,0.0,22
2013864,0,2,0,22,10,0.0,24
2113224,0,2,1,22,19,0.0,25
2179307,0,0,0,22,16,0.0,22
2197032,0,1,0,22,10,0.0,23
2346077,0,0,1,22,15,0.0,23
2596518,0,0,1,22,8,0.0,23
2643858,0,5,1,22,3,0.0,28
2751787,0,1,0,22,15,0.0,23
3222818,0,0,2,22,11,0.0,24
4349907,0,0,3,22,10,0.0,25
4408422,0,1,1,22,11,0.0,24
4550637,0,1,0,22,13,0.0,23
4566689,0,0,1,22,12,0.0,23
4988053,0,1,0,22,11,0.0,23
5103246,0,4,2,22,7,0.0,28
7769,0,4,1,21,16,0.0,26
22892,0,1,0,21,13,0.0,22
228360,0,0,1,21,19,0.0,22
274483,0,0,0,21,6,0.0,21
603655,0,0,2,21,16,0.0,23
735872,0,2,0,21,4,0.0,23
823219,0,1,0,21,11,0.0,22
861104,0,0,0,21,9,0.0,21
959702,0,0,0,21,7,0.0,21
1171519,0,2,2,21,12,0.0,25
2122530,0,0,0,21,12,0.0,21
2129263,0,1,1,21,15,0.0,23
2433733,0,3,0,21,15,0.0,24
2817286,0,1,1,21,4,0.0,23
3053182,0,0,0,21,12,0.0,21
3117587,0,1,0,21,11,0.0,22
3358752,0,3,0,21,16,0.0,24
3505582,0,0,0,21,5,0.0,21
4000233,0,0,9,21,2,0.0,30
4715451,0,1,0,21,10,0.0,22
4725921,0,0,0,21,11,0.0,21
4827299,0,0,0,21,8,0.0,21
4904396,0,0,4,21,9,0.0,25
4939776,0,0,0,21,10,0.0,21
108181,0,1,1,20,5,0.0,22
174490,0,3,0,20,13,0.0,23
481203,0,2,2,20,14,0.0,24
561327,0,0,0,20,11,0.0,20
897580,0,1,0,20,2,0.0,21
1428744,0,1,1,20,15,0.0,22
1577687,0,1,4,20,12,0.0,25
1925578,0,0,0,20,10,0.0,20
2134583,0,0,0,20,2,0.0,20
2462416,0,0,0,20,8,0.0,20
2484494,0,2,0,20,7,0.0,22
2578274,0,0,0,20,5,0.0,20
2580472,0,1,0,20,11,0.0,21
2718588,0,1,0,20,15,0.0,21
3046934,0,0,1,20,13,0.0,21
3635345,0,0,0,20,7,0.0,20
3781390,0,2,0,20,16,0.0,22
4340213,0,2,1,20,16,0.0,23
4447409,0,0,0,20,11,0.0,20
4555262,0,0,0,20,10,0.0,20
4833017,0,0,1,20,7,0.0,21
5048805,0,0,1,20,14,0.0,21
52368,0,1,1,19,9,0.0,21
184939,0,0,1,19,12,0.0,20
249261,0,0,2,19,8,0.0,21
464112,0,2,1,19,8,0.0,22
467835,0,0,1,19,4,0.0,20
1082035,0,0,0,19,7,0.0,19
1484280,0,0,0,19,12,0.0,19
1763474,0,4,0,19,8,0.0,23
1768869,0,3,1,19,16,0.0,23
1896675,0,1,0,19,8,0.0,20
1947578,0,2,4,19,8,0.0,25
2245265,0,0,0,19,10,0.0,19
2302700,0,1,0,19,10,0.0,20
2728656,0,4,0,19,5,0.0,23
2867927,0,0,0,19,7,0.0,19
2974419,0,2,0,19,6,0.0,21
3043292,0,0,0,19,8,0.0,19
3397084,0,1,0,19,9,0.0,20
3542225,0,2,1,19,5,0.0,22
3611159,0,1,0,19,8,0.0,20
3755957,0,1,1,19,6,0.0,21
3758834,0,3,5,19,12,0.0,27
4026111,0,3,0,19,9,0.0,22
4085342,0,2,3,19,7,0.0,24
4113220,0,1,4,19,14,0.0,24
4455776,0,0,0,19,8,0.0,19
4754898,0,0,1,19,13,0.0,20
4892920,0,1,2,19,13,0.0,22
4989816,0,0,0,19,9,0.0,19
88462,0,1,1,18,11,0.0,20
133742,0,1,0,18,7,0.0,19
202156,0,1,3,18,20,0.0,22
240303,0,2,0,18,9,0.0,20
355362,0,1,0,18,13,0.0,19
453243,0,0,0,18,8,0.0,18
593235,0,1,1,18,12,0.0,20
952949,0,1,0,18,2,0.0,19
1084665,0,0,1,18,8,0.0,19
1260607,0,3,2,18,7,0.0,23
1812605,0,0,1,18,10,0.0,19
1902627,0,2,2,18,7,0.0,22
1978442,0,0,0,18,3,0.0,18
2001772,0,2,2,18,13,0.0,22
2084864,0,0,0,18,9,0.0,18
2468711,0,2,1,18,10,0.0,21
2927057,0,2,1,18,9,0.0,21
3190175,0,0,0,18,12,0.0,18
3279507,0,0,2,18,14,0.0,20
3432434,0,1,1,18,8,0.0,20
3595100,0,0,1,18,13,0.0,19
3674869,0,1,0,18,13,0.0,19
4107030,0,1,0,18,3,0.0,19
5036985,0,1,1,18,9,0.0,20
5106609,0,0,0,18,9,0.0,18
34885,0,0,0,17,9,0.0,17
127286,0,2,0,17,4,0.0,19
139734,0,1,2,17,7,0.0,20
565751,0,0,0,17,7,0.0,17
784204,0,0,0,17,16,0.0,17
1176344,0,1,1,17,9,0.0,19
1466687,0,0,2,17,9,0.0,19
1628899,0,0,0,17,12,0.0,17
1780349,0,1,0,17,5,0.0,18
1945301,0,3,0,17,8,0.0,20
1955064,0,3,1,17,11,0.0,21
1960675,0,1,0,17,17,0.0,18
2099400,0,2,0,17,5,0.0,19
2208799,0,0,0,17,13,0.0,17
2887364,0,5,0,17,14,0.0,22
2913415,0,0,0,17,7,0.0,17
2958664,0,2,1,17,11,0.0,20
3422025,0,0,1,17,15,0.0,18
3594090,0,1,0,17,8,0.0,18
3708413,0,0,0,17,1,0.0,17
3742254,0,2,0,17,9,0.0,19
3777010,0,0,0,17,14,0.0,17
3791863,0,0,0,17,12,0.0,17
3864227,0,1,3,17,6,0.0,21
3923569,0,2,1,17,7,0.0,20
3980838,0,0,0,17,13,0.0,17
4211850,0,1,0,17,10,0.0,18
4278744,0,0,0,17,9,0.0,17
4356686,0,0,3,17,16,0.0,20
4866919,0,1,1,17,9,0.0,19
4916460,0,1,0,17,5,0.0,18
852546,0,0,1,16,5,0.0,17
872572,0,0,1,16,13,0.0,17
1234361,0,1,0,16,7,0.0,17
1367866,0,4,1,16,12,0.0,21
1378332,0,0,0,16,4,0.0,16
1460136,0,1,0,16,6,0.0,17
1626142,0,0,0,16,14,0.0,16
1672186,0,0,1,16,6,0.0,17
1738105,0,0,1,16,8,0.0,17
1873646,0,0,0,16,7,0.0,16
2141039,0,1,0,16,7,0.0,17
2196643,0,1,0,16,8,0.0,17
2411901,0,1,0,16,11,0.0,17
2829779,0,1,0,16,13,0.0,17
2836371,0,0,0,16,13,0.0,16
3097358,0,0,1,16,12,0.0,17
3194089,0,2,0,16,6,0.0,18
3204345,0,1,0,16,9,0.0,17
3232886,0,4,0,16,10,0.0,20
3607626,0,1,1,16,11,0.0,18
3630197,0,1,0,16,6,0.0,17
4276479,0,0,0,16,6,0.0,16
4424369,0,3,1,16,11,0.0,20
4473353,0,0,1,16,6,0.0,17
5045220,0,4,0,16,9,0.0,20
481472,0,0,0,15,6,0.0,15
598545,0,0,0,15,7,0.0,15
844212,0,0,1,15,5,0.0,16
907846,0,2,1,15,11,0.0,18
929749,0,2,0,15,11,0.0,17
1031083,0,3,0,15,9,0.0,18
1043312,0,1,0,15,5,0.0,16
1109293,0,2,0,15,9,0.0,17
1136219,0,1,0,15,7,0.0,16
1265208,0,0,0,15,6,0.0,15
1323134,0,0,0,15,9,0.0,15
1375362,0,6,0,15,9,0.0,21
1433774,0,1,0,15,9,0.0,16
1436758,0,1,1,15,11,0.0,17
1506691,0,0,0,15,1,0.0,15
1542241,0,0,1,15,4,0.0,16
1581081,0,0,0,15,6,0.0,15
1592513,0,5,3,15,19,0.0,23
1962983,0,1,1,15,9,0.0,17
2037779,0,0,0,15,8,0.0,15
2064089,0,0,0,15,12,0.0,15
2083571,0,0,0,15,4,0.0,15
2526041,0,2,0,15,12,0.0,17
2855743,0,2,0,15,15,0.0,17
2978598,0,1,3,15,8,0.0,19
2985553,0,4,0,15,11,0.0,19
3113126,0,0,0,15,8,0.0,15
3225747,0,2,0,15,7,0.0,17
3324385,0,2,0,15,7,0.0,17
3358615,0,1,0,15,13,0.0,16
3455871,0,3,3,15,18,0.0,21
3541690,0,3,0,15,3,0.0,18
3572920,0,1,1,15,12,0.0,17
3645611,0,0,0,15,3,0.0,15
3693205,0,0,0,15,4,0.0,15
3964146,0,0,0,15,3,0.0,15
4090730,0,1,1,15,6,0.0,17
4147847,0,7,0,15,10,0.0,22
4174407,0,0,2,15,7,0.0,17
4270314,0,0,0,15,10,0.0,15
4332163,0,0,0,15,3,0.0,15
4393800,0,1,0,15,10,0.0,16
4432036,0,2,0,15,10,0.0,17
4892060,0,4,1,15,18,0.0,20
4924285,0,0,0,15,10,0.0,15
5084833,0,2,3,15,8,0.0,20
244681,0,1,0,14,7,0.0,15
586496,0,1,0,14,9,0.0,15
592161,0,1,0,14,10,0.0,15
917578,0,1,1,14,9,0.0,16
926345,0,1,0,14,10,0.0,15
1135708,0,0,0,14,11,0.0,14
1239603,0,3,1,14,10,0.0,18
1240688,0,1,5,14,7,0.0,20
1613385,0,0,0,14,9,0.0,14
1936090,0,0,2,14,8,0.0,16
1949910,0,0,1,14,3,0.0,15
2027583,0,1,0,14,6,0.0,15
2038530,0,0,0,14,7,0.0,14
2058468,0,1,2,14,16,0.0,17
2185551,0,1,0,14,8,0.0,15
2297311,0,2,1,14,9,0.0,17
2513189,0,1,0,14,13,0.0,15
2554987,0,1,0,14,13,0.0,15
2589085,0,0,0,14,2,0.0,14
2652344,0,3,2,14,13,0.0,19
2665773,0,0,0,14,7,0.0,14
2776831,0,0,0,14,10,0.0,14
2817976,0,0,0,14,10,0.0,14
3092571,0,1,7,14,7,0.0,22
3099552,0,0,1,14,14,0.0,15
3381933,0,0,1,14,10,0.0,15
3447865,0,0,2,14,6,0.0,16
3497174,0,0,1,14,14,0.0,15
4141851,0,0,0,14,8,0.0,14
4205429,0,3,0,14,6,0.0,17
4303554,0,0,0,14,6,0.0,14
4473295,0,1,0,14,10,0.0,15
4477045,0,0,1,14,2,0.0,15
4643958,0,0,0,14,2,0.0,14
4855372,0,1,0,14,8,0.0,15
4981793,0,0,0,14,10,0.0,14
2410,0,0,0,13,6,0.0,13
15890,0,1,3,13,7,0.0,17
87054,0,2,0,13,7,0.0,15
133009,0,1,0,13,3,0.0,14
219625,0,2,0,13,10,0.0,15
513013,0,1,0,13,12,0.0,14
677862,0,1,0,13,8,0.0,14
704515,0,0,1,13,11,0.0,14
834620,0,2,1,13,9,0.0,16
906010,0,1,0,13,13,0.0,14
998114,0,0,0,13,8,0.0,13
1219760,0,2,0,13,6,0.0,15
1350540,0,3,0,13,6,0.0,16
1360533,0,0,0,13,12,0.0,13
1388982,0,2,0,13,9,0.0,15
1391236,0,0,0,13,10,0.0,13
1540741,0,0,0,13,2,0.0,13
1589379,0,2,0,13,9,0.0,15
1641818,0,0,1,13,6,0.0,14
1652168,0,1,3,13,4,0.0,17
1844626,0,1,1,13,9,0.0,15
1895940,0,0,0,13,9,0.0,13
1922400,0,5,0,13,7,0.0,18
1937007,0,1,0,13,7,0.0,14
1983014,0,0,1,13,8,0.0,14
2255446,0,1,1,13,8,0.0,15
2271249,0,0,1,13,9,0.0,14
2285181,0,0,0,13,11,0.0,13
2313724,0,0,3,13,7,0.0,16
2352087,0,3,0,13,11,0.0,16
2534744,0,0,0,13,5,0.0,13
2577860,0,1,0,13,9,0.0,14
2881031,0,0,0,13,8,0.0,13
2888100,0,2,3,13,2,0.0,18
2896348,0,0,0,13,6,0.0,13
2993461,0,0,0,13,6,0.0,13
3006755,0,0,0,13,3,0.0,13
3092897,0,2,0,13,6,0.0,15
3389104,0,0,0,13,9,0.0,13
3519828,0,1,0,13,6,0.0,14
3662596,0,3,0,13,7,0.0,16
3731630,0,0,1,13,6,0.0,14
3866121,0,1,0,13,5,0.0,14
3882159,0,0,0,13,3,0.0,13
3917559,0,2,0,13,5,0.0,15
3976816,0,1,0,13,5,0.0,14
4017197,0,1,1,13,3,0.0,15
4128033,0,1,0,13,10,0.0,14
4323655,0,0,0,13,7,0.0,13
4544743,0,0,3,13,8,0.0,16
4934549,0,0,1,13,5,0.0,14
5015375,0,0,1,13,5,0.0,14
201773,0,0,0,12,2,0.0,12
216695,0,0,0,12,9,0.0,12
380055,0,0,0,12,6,0.0,12
484957,0,1,0,12,4,0.0,13
665090,0,1,0,12,10,0.0,13
715950,0,5,0,12,13,0.0,17
759560,0,0,1,12,5,0.0,13
777142,0,0,0,12,2,0.0,12
818120,0,0,1,12,7,0.0,13
845370,0,3,0,12,10,0.0,15
885811,0,0,0,12,2,0.0,12
923586,0,2,0,12,7,0.0,14
946991,0,4,1,12,14,0.0,17
1003726,0,0,0,12,5,0.0,12
1008611,0,0,0,12,4,0.0,12
1098175,0,2,0,12,7,0.0,14
1178381,0,0,0,12,11,0.0,12
1239912,0,0,0,12,8,0.0,12
1254305,0,1,0,12,11,0.0,13
1331923,0,1,0,12,11,0.0,13
1341913,0,0,1,12,6,0.0,13
1847649,0,1,0,12,7,0.0,13
2343750,0,0,0,12,10,0.0,12
2436491,0,1,0,12,6,0.0,13
2539470,0,1,1,12,11,0.0,14
2587645,0,0,0,12,9,0.0,12
2592038,0,0,0,12,5,0.0,12
2807957,0,0,0,12,9,0.0,12
3091786,0,0,1,12,8,0.0,13
3126591,0,3,1,12,9,0.0,16
3131525,0,0,0,12,5,0.0,12
3195765,0,0,0,12,5,0.0,12
3235112,0,1,2,12,7,0.0,15
3289575,0,0,0,12,10,0.0,12
3437401,0,1,0,12,7,0.0,13
3494149,0,1,0,12,6,0.0,13
3494943,0,0,0,12,3,0.0,12
3627665,0,0,0,12,7,0.0,12
3726582,0,0,0,12,7,0.0,12
3817434,0,2,0,12,4,0.0,14
4048352,0,0,1,12,4,0.0,13
4152593,0,0,0,12,10,0.0,12
4193511,0,1,0,12,8,0.0,13
4315183,0,2,0,12,3,0.0,14
4704484,0,5,2,12,5,0.0,19
4733883,0,1,0,12,3,0.0,13
4797379,0,1,5,12,9,0.0,18
4901004,0,2,4,12,2,0.0,18
4960046,0,0,0,12,5,0.0,12
4977497,0,0,0,12,11,0.0,12
86415,0,1,1,11,3,0.0,13
105137,0,2,0,11,12,0.0,13
336385,0,1,0,11,6,0.0,12
338881,0,0,0,11,1,0.0,11
387633,0,1,0,11,9,0.0,12
447553,0,1,0,11,9,0.0,12
499665,0,0,1,11,9,0.0,12
587452,0,0,0,11,2,0.0,11
665245,0,1,0,11,9,0.0,12
681850,0,0,0,11,8,0.0,11
734018,0,0,0,11,3,0.0,11
830622,0,1,2,11,1,0.0,14
918999,0,0,1,11,4,0.0,12
921799,0,0,1,11,5,0.0,12
960298,0,0,2,11,9,0.0,13
990111,0,2,0,11,12,0.0,13
1013185,0,0,0,11,6,0.0,11
1059665,0,0,0,11,6,0.0,11
1144819,0,0,0,11,9,0.0,11
1245220,0,0,0,11,5,0.0,11
1258041,0,0,0,11,7,0.0,11
1272549,0,0,3,11,8,0.0,14
1315415,0,0,0,11,10,0.0,11
1426835,0,0,0,11,1,0.0,11
1510443,0,3,3,11,6,0.0,17
1524470,0,2,1,11,12,0.0,14
1810340,0,0,0,11,1,0.0,11
1877159,0,2,1,11,8,0.0,14
2167268,0,0,0,11,3,0.0,11
2183707,0,0,0,11,6,0.0,11
2381796,0,1,0,11,8,0.0,12
2472174,0,1,0,11,11,0.0,12
2481784,0,1,0,11,7,0.0,12
2500714,0,1,3,11,8,0.0,15
2517181,0,0,0,11,4,0.0,11
2565645,0,0,0,11,6,0.0,11
2568036,0,0,0,11,9,0.0,11
2668462,0,0,0,11,1,0.0,11
2746972,0,0,0,11,3,0.0,11
2801637,0,1,1,11,8,0.0,13
3258181,0,0,0,11,4,0.0,11
3291419,0,1,0,11,4,0.0,12
3368773,0,1,0,11,8,0.0,12
3373953,0,2,0,11,4,0.0,13
3394581,0,0,0,11,9,0.0,11
3446865,0,0,1,11,11,0.0,12
3464658,0,0,1,11,8,0.0,12
3542036,0,1,0,11,3,0.0,12
3803127,0,2,3,11,9,0.0,16
3859384,0,1,0,11,2,0.0,12
3962527,0,0,0,11,7,0.0,11
4066565,0,0,1,11,2,0.0,12
4093760,0,0,1,11,2,0.0,12
4139726,0,0,0,11,9,0.0,11
4217061,0,1,0,11,7,0.0,12
4278997,0,0,0,11,3,0.0,11
4469639,0,1,2,11,7,0.0,14
4482155,0,0,1,11,3,0.0,12
4558340,0,0,0,11,8,0.0,11
4669008,0,0,0,11,9,0.0,11
4736875,0,0,1,11,9,0.0,12
4809874,0,3,0,11,3,0.0,14
4852691,0,0,0,11,1,0.0,11
4904667,0,0,1,11,4,0.0,12
4963777,0,0,0,11,6,0.0,11
4971055,0,0,0,11,8,0.0,11
5064168,0,0,0,11,5,0.0,11
8254,0,2,0,10,4,0.0,12
142492,0,0,0,10,6,0.0,10
271505,0,1,1,10,8,0.0,12
294562,0,2,0,10,5,0.0,12
413656,0,0,0,10,7,0.0,10
465980,0,3,0,10,4,0.0,13
565986,0,0,0,10,4,0.0,10
578336,0,2,0,10,3,0.0,12
585280,0,0,0,10,3,0.0,10
623614,0,0,0,10,5,0.0,10
674009,0,0,0,10,8,0.0,10
747109,0,2,0,10,6,0.0,12
823629,0,0,0,10,6,0.0,10
992700,0,0,0,10,4,0.0,10
1013057,0,0,1,10,7,0.0,11
1037069,0,0,2,10,8,0.0,12
1121141,0,0,1,10,8,0.0,11
1138276,0,3,0,10,1,0.0,13
1217732,0,3,0,10,5,0.0,13
1217893,0,0,0,10,1,0.0,10
1280805,0,0,0,10,6,0.0,10
1298222,0,1,0,10,4,0.0,11
1298735,0,0,0,10,4,0.0,10
1313865,0,0,0,10,6,0.0,10
1347228,0,4,0,10,10,0.0,14
1360711,0,0,0,10,9,0.0,10
1380020,0,1,0,10,5,0.0,11
1406509,0,0,0,10,8,0.0,10
1423815,0,1,0,10,6,0.0,11
1444232,0,1,0,10,6,0.0,11
1479868,0,3,0,10,5,0.0,13
1550383,0,1,0,10,5,0.0,11
1651393,0,0,0,10,2,0.0,10
1703906,0,1,0,10,7,0.0,11
1761187,0,2,0,10,2,0.0,12
1799984,0,2,1,10,7,0.0,13
1836480,0,0,0,10,5,0.0,10
1860533,0,0,0,10,6,0.0,10
1948588,0,1,0,10,6,0.0,11
1997869,0,1,0,10,10,0.0,11
2128214,0,0,0,10,7,0.0,10
2128694,0,0,0,10,7,0.0,10
2155994,0,1,0,10,7,0.0,11
2285980,0,0,0,10,5,0.0,10
2553299,0,1,0,10,3,0.0,11
2620396,0,1,1,10,5,0.0,12
2689976,0,0,0,10,6,0.0,10
2921059,0,0,0,10,8,0.0,10
2992045,0,0,1,10,5,0.0,11
3142076,0,0,0,10,10,0.0,10
3147601,0,0,0,10,1,0.0,10
3244547,0,1,0,10,4,0.0,11
3307148,0,0,1,10,6,0.0,11
3315940,0,3,0,10,9,0.0,13
3363059,0,2,0,10,5,0.0,12
3383712,0,0,0,10,2,0.0,10
3443560,0,2,0,10,7,0.0,12
3454376,0,0,0,10,1,0.0,10
3592798,0,1,0,10,6,0.0,11
3780321,0,1,0,10,9,0.0,11
3906242,0,1,0,10,4,0.0,11
3922526,0,2,0,10,7,0.0,12
4045204,0,0,0,10,8,0.0,10
4049997,0,0,2,10,4,0.0,12
4063057,0,0,0,10,2,0.0,10
4208686,0,0,0,10,9,0.0,10
4263693,0,0,1,10,9,0.0,11
4290971,0,0,0,10,4,0.0,10
4354636,0,3,0,10,11,0.0,13
4426917,0,3,0,10,8,0.0,13
4488210,0,1,0,10,6,0.0,11
4499281,0,1,1,10,11,0.0,12
4568967,0,2,2,10,11,0.0,14
4578843,0,0,0,10,7,0.0,10
4596584,0,1,2,10,9,0.0,13
4642360,0,0,0,10,4,0.0,10
4701147,0,1,0,10,7,0.0,11
4770150,0,0,0,10,4,0.0,10
4828523,0,1,1,10,7,0.0,12
4829999,0,0,2,10,8,0.0,12
4883014,0,2,1,10,8,0.0,13
37135,0,0,0,9,3,0.0,9
137459,0,0,0,9,7,0.0,9
145388,0,0,0,9,4,0.0,9
155091,0,2,0,9,7,0.0,11
197048,0,0,0,9,5,0.0,9
214719,0,2,0,9,8,0.0,11
311650,0,0,0,9,2,0.0,9
342575,0,0,1,9,7,0.0,10
372289,0,0,0,9,3,0.0,9
511680,0,1,0,9,6,0.0,10
515708,0,1,0,9,4,0.0,10
563845,0,0,0,9,1,0.0,9
647740,0,1,0,9,2,0.0,10
656392,0,0,0,9,7,0.0,9
748392,0,2,0,9,3,0.0,11
834876,0,1,0,9,7,0.0,10
899236,0,0,0,9,6,0.0,9
986862,0,0,0,9,1,0.0,9
1065421,0,0,0,9,3,0.0,9
1089105,0,2,0,9,7,0.0,11
1143790,0,0,0,9,2,0.0,9
1194311,0,1,0,9,3,0.0,10
1270487,0,0,0,9,4,0.0,9
1274175,0,1,0,9,7,0.0,10
1370506,0,0,0,9,6,0.0,9
1408807,0,4,0,9,12,0.0,13
1476223,0,0,1,9,3,0.0,10
1506939,0,0,0,9,5,0.0,9
1575700,0,0,0,9,3,0.0,9
1635426,0,0,0,9,6,0.0,9
1711850,0,0,0,9,4,0.0,9
1764424,0,1,0,9,8,0.0,10
1768615,0,0,0,9,4,0.0,9
1864286,0,2,0,9,9,0.0,11
1965689,0,0,1,9,6,0.0,10
1965698,0,0,1,9,6,0.0,10
1981598,0,0,0,9,5,0.0,9
2031969,0,5,2,9,6,0.0,16
2105685,0,0,1,9,5,0.0,10
2131381,0,0,0,9,6,0.0,9
2168009,0,1,1,9,7,0.0,11
2232467,0,1,0,9,8,0.0,10
2336370,0,0,0,9,3,0.0,9
2374634,0,0,0,9,7,0.0,9
2413768,0,0,0,9,5,0.0,9
2428385,0,0,0,9,9,0.0,9
2451199,0,0,0,9,7,0.0,9
2464993,0,0,0,9,7,0.0,9
2506581,0,0,0,9,4,0.0,9
2516799,0,0,0,9,2,0.0,9
2647117,0,0,0,9,7,0.0,9
2672706,0,0,0,9,6,0.0,9
2692123,0,0,2,9,5,0.0,11
2763221,0,0,0,9,6,0.0,9
2769654,0,1,0,9,1,0.0,10
2769887,0,0,0,9,2,0.0,9
2786875,0,0,1,9,5,0.0,10
2823232,0,0,0,9,2,0.0,9
2917711,0,1,0,9,4,0.0,10
2918955,0,0,0,9,3,0.0,9
3021605,0,1,0,9,5,0.0,10
3139553,0,0,1,9,3,0.0,10
3226383,0,0,1,9,8,0.0,10
3269713,0,0,1,9,5,0.0,10
3273035,0,0,2,9,9,0.0,11
3289012,0,1,0,9,10,0.0,10
3334995,0,1,0,9,6,0.0,10
3451327,0,0,0,9,4,0.0,9
3499323,0,0,0,9,3,0.0,9
3609849,0,2,0,9,6,0.0,11
3747679,0,2,0,9,8,0.0,11
3753279,0,2,3,9,12,0.0,14
3812995,0,0,0,9,5,0.0,9
3903617,0,0,0,9,5,0.0,9
4083704,0,0,0,9,7,0.0,9
4091042,0,0,1,9,7,0.0,10
4131561,0,0,0,9,4,0.0,9
4154799,0,0,0,9,5,0.0,9
4262684,0,0,0,9,1,0.0,9
4276422,0,1,0,9,6,0.0,10
4279684,0,0,2,9,2,0.0,11
4280793,0,0,0,9,8,0.0,9
4303322,0,0,0,9,3,0.0,9
4339963,0,0,0,9,8,0.0,9
4360464,0,0,0,9,6,0.0,9
4425678,0,0,0,9,2,0.0,9
4504967,0,1,0,9,4,0.0,10
4535278,0,0,0,9,8,0.0,9
4598394,0,0,0,9,2,0.0,9
4638601,0,2,0,9,3,0.0,11
4737339,0,0,0,9,7,0.0,9
4960901,0,0,0,9,5,0.0,9
5024947,0,0,0,9,4,0.0,9
5138000,0,0,0,9,5,0.0,9
12407,0,0,0,8,3,0.0,8
79085,0,0,0,8,8,0.0,8
84994,0,1,0,8,8,0.0,9
100795,0,0,0,8,5,0.0,8
255113,0,0,0,8,3,0.0,8
255508,0,0,0,8,3,0.0,8
292885,0,0,0,8,3,0.0,8
317587,0,2,0,8,4,0.0,10
355025,0,0,0,8,1,0.0,8
376837,0,3,0,8,2,0.0,11
428575,0,0,0,8,2,0.0,8
432523,0,2,0,8,6,0.0,10
564928,0,0,0,8,6,0.0,8
588281,0,0,0,8,4,0.0,8
738823,0,0,0,8,5,0.0,8
777988,0,1,1,8,6,0.0,10
783366,0,0,0,8,2,0.0,8
916706,0,1,0,8,3,0.0,9
933311,0,0,0,8,4,0.0,8
980025,0,0,0,8,3,0.0,8
1119378,0,0,1,8,3,0.0,9
1186008,0,0,0,8,3,0.0,8
1375246,0,0,1,8,6,0.0,9
1502931,0,1,0,8,2,0.0,9
1516361,0,0,0,8,3,0.0,8
1536770,0,1,0,8,6,0.0,9
1542889,0,2,0,8,3,0.0,10
1602288,0,0,1,8,5,0.0,9
1602447,0,1,0,8,3,0.0,9
1661651,0,1,0,8,2,0.0,9
1735195,0,0,0,8,6,0.0,8
1753262,0,1,1,8,4,0.0,10
1781074,0,1,0,8,1,0.0,9
1995600,0,2,0,8,2,0.0,10
1998227,0,0,1,8,6,0.0,9
2024359,0,0,0,8,6,0.0,8
2065526,0,1,1,8,5,0.0,10
2080896,0,0,0,8,8,0.0,8
2113028,0,0,0,8,4,0.0,8
2147829,0,0,0,8,4,0.0,8
2233787,0,0,0,8,6,0.0,8
2270398,0,0,0,8,7,0.0,8
2287753,0,0,0,8,4,0.0,8
2341266,0,0,0,8,7,0.0,8
2367548,0,0,0,8,7,0.0,8
2505579,0,1,0,8,7,0.0,9
2512968,0,0,2,8,7,0.0,10
2529055,0,0,0,8,7,0.0,8
2535661,0,0,0,8,4,0.0,8
2564498,0,0,1,8,4,0.0,9
2567555,0,0,0,8,2,0.0,8
2585604,0,0,0,8,3,0.0,8
2611262,0,2,2,8,4,0.0,12
2649129,0,1,0,8,3,0.0,9
2678392,0,2,0,8,5,0.0,10
2709989,0,1,0,8,2,0.0,9
2950381,0,0,0,8,5,0.0,8
2964467,0,0,0,8,5,0.0,8
3021762,0,0,0,8,3,0.0,8
3028146,0,1,0,8,3,0.0,9
3154173,0,2,0,8,9,0.0,10
3176262,0,3,0,8,8,0.0,11
3202037,0,0,0,8,4,0.0,8
3230581,0,2,0,8,2,0.0,10
3247421,0,0,2,8,4,0.0,10
3285641,0,1,2,8,9,0.0,11
3290084,0,1,0,8,5,0.0,9
3379070,0,1,0,8,8,0.0,9
3432251,0,0,1,8,3,0.0,9
3544270,0,0,0,8,6,0.0,8
3626061,0,0,0,8,7,0.0,8
3713246,0,1,0,8,1,0.0,9
3729801,0,0,0,8,4,0.0,8
3820684,0,0,0,8,5,0.0,8
3827944,0,2,0,8,7,0.0,10
3895144,0,0,0,8,2,0.0,8
3947630,0,1,1,8,8,0.0,10
3982609,0,0,0,8,5,0.0,8
4017084,0,1,0,8,6,0.0,9
4205666,0,1,1,8,7,0.0,10
4216317,0,0,0,8,7,0.0,8
4284910,0,0,0,8,7,0.0,8
4295724,0,3,1,8,5,0.0,12
4312687,0,1,0,8,2,0.0,9
4332472,0,1,0,8,6,0.0,9
4395670,0,0,0,8,3,0.0,8
4481193,0,1,0,8,6,0.0,9
4511140,0,1,0,8,2,0.0,9
4555638,0,0,1,8,1,0.0,9
4600680,0,0,0,8,5,0.0,8
4730017,0,0,1,8,5,0.0,9
4783832,0,0,0,8,6,0.0,8
4814620,0,0,0,8,4,0.0,8
4847313,0,0,0,8,3,0.0,8
4976839,0,0,1,8,6,0.0,9
4981015,0,0,0,8,3,0.0,8
4986145,0,0,0,8,3,0.0,8
5005165,0,0,0,8,2,0.0,8
5046388,0,1,0,8,4,0.0,9
5060757,0,0,0,8,5,0.0,8
5067029,0,2,0,8,6,0.0,10
5158474,0,2,0,8,6,0.0,10
25849,0,0,0,7,3,0.0,7
32967,0,0,0,7,6,0.0,7
48178,0,0,0,7,6,0.0,7
189057,0,3,0,7,4,0.0,10
211402,0,1,0,7,4,0.0,8
298667,0,0,0,7,2,0.0,7
305551,0,1,0,7,3,0.0,8
314328,0,1,4,7,4,0.0,12
445662,0,1,1,7,3,0.0,9
551254,0,0,1,7,2,0.0,8
771062,0,1,3,7,7,0.0,11
793987,0,0,0,7,5,0.0,7
851937,0,0,0,7,5,0.0,7
862987,0,3,0,7,5,0.0,10
887729,0,1,0,7,4,0.0,8
1016971,0,1,0,7,1,0.0,8
1120963,0,1,0,7,3,0.0,8
1127791,0,0,0,7,7,0.0,7
1128240,0,0,0,7,6,0.0,7
1189645,0,2,0,7,1,0.0,9
1266030,0,0,0,7,4,0.0,7
1414652,0,0,0,7,3,0.0,7
1434020,0,1,0,7,5,0.0,8
1457926,0,1,0,7,5,0.0,8
1483857,0,0,2,7,8,0.0,9
1492770,0,0,0,7,6,0.0,7
1517505,0,0,0,7,5,0.0,7
1524094,0,0,0,7,3,0.0,7
1526654,0,1,0,7,2,0.0,8
1582751,0,0,0,7,3,0.0,7
1614257,0,0,0,7,7,0.0,7
1654824,0,0,1,7,2,0.0,8
1718072,0,1,1,7,2,0.0,9
1719660,0,1,0,7,2,0.0,8
1760378,0,0,0,7,2,0.0,7
2013622,0,2,0,7,3,0.0,9
2055312,0,0,0,7,6,0.0,7
2122129,0,1,0,7,3,0.0,8
2250828,0,0,0,7,2,0.0,7
2268678,0,0,1,7,6,0.0,8
2313162,0,0,0,7,7,0.0,7
2435035,0,1,0,7,5,0.0,8
2455131,0,0,0,7,5,0.0,7
2518268,0,1,0,7,5,0.0,8
2584932,0,2,0,7,5,0.0,9
2611406,0,0,0,7,5,0.0,7
2657754,0,1,1,7,4,0.0,9
2664775,0,0,2,7,8,0.0,9
2740196,0,0,0,7,7,0.0,7
2833905,0,0,0,7,5,0.0,7
2863982,0,0,1,7,5,0.0,8
2867703,0,0,0,7,6,0.0,7
2931809,0,0,0,7,7,0.0,7
3013799,0,1,0,7,2,0.0,8
3014132,0,0,0,7,6,0.0,7
3051006,0,1,0,7,3,0.0,8
3072574,0,0,0,7,7,0.0,7
3080141,0,2,0,7,5,0.0,9
3110199,0,0,0,7,2,0.0,7
3111341,0,0,0,7,2,0.0,7
3117823,0,0,0,7,3,0.0,7
3142010,0,0,0,7,4,0.0,7
3176755,0,0,1,7,3,0.0,8
3185579,0,1,0,7,6,0.0,8
3222457,0,0,0,7,3,0.0,7
3273152,0,0,0,7,6,0.0,7
3282595,0,0,0,7,4,0.0,7
3294880,0,0,0,7,2,0.0,7
3354040,0,0,1,7,5,0.0,8
3362577,0,0,0,7,3,0.0,7
3427441,0,0,0,7,2,0.0,7
3430716,0,0,0,7,3,0.0,7
3448504,0,0,0,7,5,0.0,7
3461081,0,0,0,7,6,0.0,7
3588816,0,0,0,7,6,0.0,7
3593457,0,0,0,7,6,0.0,7
3600397,0,0,0,7,7,0.0,7
3637176,0,0,0,7,4,0.0,7
3654847,0,0,0,7,6,0.0,7
3715755,0,0,0,7,3,0.0,7
3769292,0,0,0,7,1,0.0,7
3780598,0,2,0,7,3,0.0,9
3809593,0,0,0,7,6,0.0,7
3865865,0,0,0,7,1,0.0,7
3946580,0,0,0,7,5,0.0,7
3981352,0,0,0,7,2,0.0,7
3987097,0,0,0,7,5,0.0,7
4062814,0,0,0,7,4,0.0,7
4121939,0,0,0,7,2,0.0,7
4189038,0,0,0,7,4,0.0,7
4227487,0,0,1,7,6,0.0,8
4258223,0,0,0,7,5,0.0,7
4266879,0,1,0,7,6,0.0,8
4389495,0,1,0,7,2,0.0,8
4399491,0,4,0,7,1,0.0,11
4429889,0,2,0,7,3,0.0,9
4515292,0,1,1,7,7,0.0,9
4676764,0,1,3,7,5,0.0,11
4767956,0,0,0,7,3,0.0,7
4801635,0,0,0,7,4,0.0,7
4850823,0,0,0,7,1,0.0,7
4865533,0,2,0,7,1,0.0,9
4875956,0,1,0,7,4,0.0,8
4911515,0,0,0,7,4,0.0,7
4952210,0,2,0,7,6,0.0,9
4979919,0,1,0,7,1,0.0,8
5099341,0,0,0,7,1,0.0,7
5138205,0,0,0,7,5,0.0,7
5140004,0,0,0,7,4,0.0,7
5149726,0,1,1,7,7,0.0,9
11120,0,0,0,6,4,0.0,6
70583,0,0,0,6,1,0.0,6
128749,0,0,0,6,6,0.0,6
246830,0,0,1,6,3,0.0,7
260238,0,0,0,6,3,0.0,6
268251,0,0,0,6,5,0.0,6
280333,0,0,0,6,4,0.0,6
300699,0,0,1,6,7,0.0,7
311509,0,2,1,6,7,0.0,9
362515,0,1,0,6,5,0.0,7
364125,0,0,0,6,3,0.0,6
377795,0,3,0,6,3,0.0,9
414935,0,0,1,6,2,0.0,7
420877,0,1,0,6,4,0.0,7
479163,0,1,0,6,4,0.0,7
646234,0,0,0,6,4,0.0,6
770683,0,0,0,6,4,0.0,6
803507,0,0,0,6,6,0.0,6
922825,0,0,1,6,3,0.0,7
955432,0,0,0,6,6,0.0,6
1079326,0,0,0,6,5,0.0,6
1094282,0,1,0,6,3,0.0,7
1112828,0,0,0,6,5,0.0,6
1113655,0,1,0,6,3,0.0,7
1119638,0,0,2,6,7,0.0,8
1120543,0,1,0,6,3,0.0,7
1125802,0,0,0,6,2,0.0,6
1140683,0,0,0,6,1,0.0,6
1167279,0,0,0,6,4,0.0,6
1175965,0,0,0,6,5,0.0,6
1223790,0,0,0,6,6,0.0,6
1237115,0,0,0,6,3,0.0,6
1248746,0,0,0,6,3,0.0,6
1302909,0,0,0,6,6,0.0,6
1348463,0,0,0,6,4,0.0,6
1413007,0,0,0,6,5,0.0,6
1432828,0,0,0,6,3,0.0,6
1555304,0,0,0,6,1,0.0,6
1556629,0,0,0,6,3,0.0,6
1556634,0,0,1,6,1,0.0,7
1597811,0,3,0,6,2,0.0,9
1636703,0,0,0,6,3,0.0,6
1639265,0,0,0,6,3,0.0,6
1687159,0,2,0,6,3,0.0,8
1695915,0,3,0,6,3,0.0,9
1699768,0,1,0,6,5,0.0,7
1710799,0,0,0,6,3,0.0,6
1730162,0,1,0,6,6,0.0,7
1832757,0,1,0,6,7,0.0,7
1864538,0,0,0,6,2,0.0,6
1947820,0,0,0,6,5,0.0,6
1970375,0,3,0,6,5,0.0,9
1973380,0,0,0,6,1,0.0,6
2034212,0,1,0,6,1,0.0,7
2064614,0,0,0,6,6,0.0,6
2116789,0,0,0,6,4,0.0,6
2153943,0,1,0,6,1,0.0,7
2197799,0,0,0,6,3,0.0,6
2201943,0,2,0,6,2,0.0,8
2219395,0,1,0,6,6,0.0,7
2230040,0,0,0,6,6,0.0,6
2257426,0,0,0,6,3,0.0,6
2522303,0,0,0,6,3,0.0,6
2551289,0,0,0,6,3,0.0,6
2559809,0,3,1,6,3,0.0,10
2602354,0,0,0,6,6,0.0,6
2650009,0,1,0,6,6,0.0,7
2724501,0,0,0,6,3,0.0,6
2787085,0,0,1,6,4,0.0,7
2807309,0,0,0,6,3,0.0,6
2830440,0,0,2,6,7,0.0,8
2855739,0,0,0,6,6,0.0,6
2924780,0,1,0,6,5,0.0,7
2939779,0,0,0,6,4,0.0,6
2958024,0,2,0,6,4,0.0,8
2958888,0,0,0,6,4,0.0,6
2982166,0,0,0,6,6,0.0,6
2992092,0,0,0,6,4,0.0,6
3009451,0,0,0,6,6,0.0,6
3044192,0,0,1,6,6,0.0,7
3092004,0,0,0,6,3,0.0,6
3105892,0,1,1,6,4,0.0,8
3114694,0,0,0,6,5,0.0,6
3138002,0,4,0,6,3,0.0,10
3172967,0,0,0,6,4,0.0,6
3218826,0,0,1,6,3,0.0,7
3248341,0,0,1,6,5,0.0,7
3258823,0,0,0,6,5,0.0,6
3279421,0,1,1,6,8,0.0,8
3409341,0,0,0,6,4,0.0,6
3430136,0,0,1,6,4,0.0,7
3458525,0,0,2,6,4,0.0,8
3514970,0,0,1,6,2,0.0,7
3527242,0,0,0,6,4,0.0,6
3586238,0,0,0,6,4,0.0,6
3606832,0,0,0,6,3,0.0,6
3634167,0,0,3,6,3,0.0,9
3677569,0,0,0,6,4,0.0,6
3697561,0,0,1,6,7,0.0,7
3741236,0,3,0,6,5,0.0,9
3774999,0,0,0,6,6,0.0,6
3825580,0,0,0,6,1,0.0,6
3844851,0,0,0,6,2,0.0,6
3845884,0,2,0,6,4,0.0,8
3857308,0,0,0,6,2,0.0,6
3880080,0,0,1,6,4,0.0,7
3882728,0,1,0,6,6,0.0,7
3892595,0,0,0,6,1,0.0,6
3907728,0,0,0,6,2,0.0,6
3919762,0,0,0,6,3,0.0,6
3947069,0,1,0,6,4,0.0,7
3989372,0,0,0,6,6,0.0,6
4036672,0,0,0,6,5,0.0,6
4096072,0,0,0,6,2,0.0,6
4178970,0,0,0,6,5,0.0,6
4234389,0,0,0,6,5,0.0,6
4242742,0,0,0,6,2,0.0,6
4254099,0,0,1,6,6,0.0,7
4269511,0,0,0,6,5,0.0,6
4312015,0,1,0,6,5,0.0,7
4387999,0,0,0,6,3,0.0,6
4483041,0,0,1,6,3,0.0,7
4490845,0,0,0,6,2,0.0,6
4519805,0,0,0,6,4,0.0,6
4696539,0,0,0,6,5,0.0,6
4719533,0,1,0,6,3,0.0,7
4862609,0,0,0,6,3,0.0,6
4903093,0,0,0,6,4,0.0,6
4928051,0,0,0,6,5,0.0,6
4951903,0,0,0,6,4,0.0,6
4977749,0,0,0,6,3,0.0,6
4978351,0,0,2,6,7,0.0,8
4995313,0,1,0,6,2,0.0,7
5042232,0,1,0,6,6,0.0,7
5055998,0,0,0,6,3,0.0,6
5132867,0,0,0,6,5,0.0,6
47156,0,0,0,5,2,0.0,5
101979,0,0,0,5,5,0.0,5
150092,0,3,0,5,6,0.0,8
191432,0,0,0,5,2,0.0,5
203249,0,1,0,5,6,0.0,6
222415,0,0,0,5,5,0.0,5
229607,0,0,0,5,4,0.0,5
304205,0,0,0,5,3,0.0,5
308413,0,0,1,5,4,0.0,6
323198,0,1,0,5,2,0.0,6
334161,0,0,0,5,5,0.0,5
393580,0,0,0,5,2,0.0,5
425327,0,1,0,5,2,0.0,6
436979,0,1,0,5,4,0.0,6
598788,0,1,0,5,4,0.0,6
603882,0,0,0,5,1,0.0,5
621786,0,0,0,5,3,0.0,5
751979,0,0,0,5,1,0.0,5
754344,0,0,0,5,5,0.0,5
756477,0,1,1,5,1,0.0,7
792836,0,2,0,5,5,0.0,7
814566,0,0,0,5,3,0.0,5
965505,0,0,0,5,3,0.0,5
1019845,0,3,1,5,5,0.0,9
1027692,0,0,0,5,2,0.0,5
1073699,0,0,1,5,5,0.0,6
1089337,0,0,0,5,1,0.0,5
1149556,0,0,0,5,3,0.0,5
1225824,0,2,0,5,1,0.0,7
1248349,0,0,0,5,2,0.0,5
1264908,0,0,0,5,2,0.0,5
1323466,0,0,0,5,3,0.0,5
1326100,0,0,0,5,2,0.0,5
1327405,0,0,0,5,5,0.0,5
1337019,0,0,0,5,3,0.0,5
1386176,0,0,0,5,5,0.0,5
1399291,0,0,0,5,1,0.0,5
1445597,0,0,0,5,4,0.0,5
1455555,0,0,0,5,2,0.0,5
1471680,0,1,0,5,4,0.0,6
1489094,0,1,0,5,4,0.0,6
1504264,0,0,0,5,1,0.0,5
1664190,0,0,0,5,5,0.0,5
1726863,0,0,1,5,5,0.0,6
1728108,0,1,0,5,1,0.0,6
1740555,0,0,0,5,5,0.0,5
1751144,0,0,0,5,5,0.0,5
1754291,0,0,0,5,4,0.0,5
1767199,0,1,0,5,5,0.0,6
1771708,0,0,0,5,4,0.0,5
1775706,0,0,0,5,2,0.0,5
1781370,0,0,0,5,1,0.0,5
1798067,0,0,0,5,5,0.0,5
1833378,0,0,0,5,3,0.0,5
1842203,0,0,0,5,4,0.0,5
1851019,0,0,0,5,1,0.0,5
1895809,0,0,0,5,1,0.0,5
1990649,0,0,0,5,4,0.0,5
1996872,0,1,0,5,2,0.0,6
2021104,0,0,0,5,3,0.0,5
2033647,0,0,2,5,2,0.0,7
2056438,0,1,0,5,3,0.0,6
2088964,0,0,0,5,4,0.0,5
2115914,0,0,0,5,4,0.0,5
2116151,0,2,0,5,6,0.0,7
2138566,0,1,0,5,3,0.0,6
2144044,0,1,0,5,5,0.0,6
2163653,0,0,0,5,1,0.0,5
2165787,0,0,0,5,2,0.0,5
2168391,0,0,0,5,3,0.0,5
2183874,0,0,0,5,5,0.0,5
2206684,0,0,0,5,1,0.0,5
2209822,0,1,0,5,2,0.0,6
2228775,0,0,0,5,4,0.0,5
2229246,0,0,0,5,4,0.0,5
2229902,0,2,0,5,2,0.0,7
2258475,0,0,0,5,5,0.0,5
2343140,0,0,0,5,1,0.0,5
2393050,0,0,0,5,3,0.0,5
2408143,0,0,0,5,2,0.0,5
2488933,0,0,0,5,4,0.0,5
2622529,0,0,1,5,6,0.0,6
2664522,0,1,0,5,3,0.0,6
2695311,0,0,0,5,4,0.0,5
2702039,0,1,0,5,5,0.0,6
2729862,0,0,0,5,4,0.0,5
2747519,0,1,0,5,3,0.0,6
2783415,0,0,0,5,3,0.0,5
2950158,0,0,1,5,2,0.0,6
3070861,0,0,0,5,3,0.0,5
3093746,0,0,0,5,2,0.0,5
3100554,0,0,0,5,3,0.0,5
3109662,0,0,0,5,5,0.0,5
3118407,0,1,0,5,4,0.0,6
3206951,0,2,1,5,8,0.0,8
3253709,0,0,0,5,5,0.0,5
3253859,0,2,0,5,1,0.0,7
3268749,0,0,0,5,1,0.0,5
3380833,0,0,1,5,1,0.0,6
3412811,0,0,0,5,5,0.0,5
3440243,0,0,0,5,5,0.0,5
3440715,0,0,0,5,4,0.0,5
3444947,0,0,0,5,3,0.0,5
3468569,0,0,0,5,5,0.0,5
3478949,0,0,2,5,7,0.0,7
3528894,0,0,0,5,4,0.0,5
3574673,0,0,0,5,5,0.0,5
3623883,0,0,0,5,5,0.0,5
3628508,0,1,0,5,5,0.0,6
3647233,0,0,0,5,2,0.0,5
3653118,0,1,1,5,6,0.0,7
3672513,0,3,0,5,5,0.0,8
3710855,0,0,0,5,2,0.0,5
3757834,0,0,0,5,4,0.0,5
3803527,0,0,0,5,5,0.0,5
3806436,0,0,0,5,3,0.0,5
3812513,0,0,0,5,4,0.0,5
3841239,0,0,0,5,2,0.0,5
3850855,0,0,0,5,3,0.0,5
3891335,0,1,1,5,6,0.0,7
3893658,0,0,0,5,4,0.0,5
3910741,0,1,0,5,5,0.0,6
3965224,0,0,0,5,1,0.0,5
4038480,0,0,0,5,4,0.0,5
4044753,0,0,0,5,4,0.0,5
4064281,0,0,0,5,2,0.0,5
4092319,0,0,0,5,3,0.0,5
4174317,0,0,0,5,3,0.0,5
4202143,0,0,0,5,5,0.0,5
4220950,0,0,0,5,4,0.0,5
4238284,0,0,0,5,1,0.0,5
4239953,0,0,0,5,5,0.0,5
4357784,0,0,0,5,1,0.0,5
4367680,0,0,0,5,3,0.0,5
4432419,0,0,1,5,2,0.0,6
4453488,0,0,0,5,1,0.0,5
4503217,0,0,0,5,2,0.0,5
4513366,0,0,0,5,4,0.0,5
4562201,0,0,2,5,1,0.0,7
4596496,0,0,0,5,4,0.0,5
4693580,0,0,0,5,3,0.0,5
4751680,0,0,1,5,1,0.0,6
4754273,0,0,0,5,3,0.0,5
4760331,0,0,0,5,4,0.0,5
4768161,0,0,0,5,1,0.0,5
4855945,0,0,0,5,2,0.0,5
4893662,0,0,1,5,4,0.0,6
4897866,0,0,0,5,3,0.0,5
4911196,0,0,1,5,4,0.0,6
4953972,0,0,1,5,3,0.0,6
4963121,0,0,1,5,3,0.0,6
4975993,0,0,0,5,2,0.0,5
5015017,0,0,0,5,2,0.0,5
5035745,0,0,0,5,3,0.0,5
5038872,0,0,1,5,2,0.0,6
5055329,0,0,1,5,5,0.0,6
5088091,0,0,0,5,3,0.0,5
5097436,0,0,0,5,5,0.0,5
5099881,0,0,0,5,4,0.0,5
5146636,0,0,0,5,4,0.0,5
12816,0,0,1,4,2,0.0,5
75275,0,0,1,4,1,0.0,5
91943,0,0,0,4,4,0.0,4
105131,0,1,0,4,3,0.0,5
120493,0,0,0,4,2,0.0,4
128908,0,0,0,4,4,0.0,4
145365,0,0,0,4,4,0.0,4
210158,0,0,0,4,2,0.0,4
240681,0,0,0,4,4,0.0,4
259455,0,0,0,4,3,0.0,4
261087,0,0,0,4,4,0.0,4
275937,0,0,1,4,3,0.0,5
282563,0,0,0,4,3,0.0,4
291898,0,0,0,4,4,0.0,4
296813,0,0,0,4,2,0.0,4
334451,0,0,0,4,1,0.0,4
336038,0,0,0,4,2,0.0,4
355704,0,0,0,4,4,0.0,4
370786,0,0,0,4,1,0.0,4
430834,0,0,0,4,4,0.0,4
433130,0,0,0,4,3,0.0,4
442567,0,0,1,4,2,0.0,5
571588,0,0,1,4,4,0.0,5
635704,0,0,0,4,3,0.0,4
658007,0,0,0,4,4,0.0,4
680438,0,0,0,4,3,0.0,4
687307,0,0,1,4,5,0.0,5
758773,0,1,0,4,2,0.0,5
774140,0,0,0,4,2,0.0,4
795044,0,0,0,4,2,0.0,4
811456,0,0,0,4,3,0.0,4
837488,0,0,0,4,1,0.0,4
844760,0,1,0,4,3,0.0,5
858185,0,0,0,4,2,0.0,4
888406,0,0,0,4,2,0.0,4
904807,0,0,0,4,3,0.0,4
965238,0,1,0,4,1,0.0,5
974282,0,0,0,4,3,0.0,4
984003,0,0,0,4,3,0.0,4
1009667,0,1,0,4,4,0.0,5
1026155,0,1,0,4,2,0.0,5
1076837,0,0,0,4,1,0.0,4
1088357,0,0,0,4,3,0.0,4
1106870,0,0,0,4,3,0.0,4
1126754,0,0,0,4,1,0.0,4
1133273,0,0,0,4,1,0.0,4
1140902,0,0,0,4,2,0.0,4
1208308,0,0,0,4,1,0.0,4
1212101,0,0,0,4,4,0.0,4
1261236,0,0,0,4,2,0.0,4
1264985,0,0,1,4,3,0.0,5
1279737,0,0,0,4,3,0.0,4
1308514,0,0,0,4,4,0.0,4
1314215,0,1,0,4,3,0.0,5
1372485,0,0,0,4,3,0.0,4
1381217,0,0,0,4,4,0.0,4
1392765,0,0,1,4,5,0.0,5
1415468,0,0,0,4,2,0.0,4
1468632,0,0,0,4,3,0.0,4
1469622,0,2,0,4,3,0.0,6
1478169,0,1,2,4,4,0.0,7
1500885,0,1,1,4,4,0.0,6
1508998,0,0,0,4,4,0.0,4
1528609,0,1,0,4,5,0.0,5
1619654,0,0,0,4,2,0.0,4
1646378,0,1,0,4,3,0.0,5
1651662,0,0,0,4,4,0.0,4
1673948,0,0,3,4,5,0.0,7
1676950,0,0,0,4,2,0.0,4
1685024,0,0,0,4,3,0.0,4
1732985,0,0,0,4,2,0.0,4
1791252,0,0,0,4,1,0.0,4
1828144,0,1,0,4,1,0.0,5
1855417,0,0,0,4,4,0.0,4
1885585,0,1,0,4,5,0.0,5
1997475,0,0,0,4,3,0.0,4
2015942,0,0,0,4,3,0.0,4
2021738,0,0,0,4,3,0.0,4
2036277,0,0,0,4,4,0.0,4
2087749,0,0,0,4,3,0.0,4
2118468,0,0,0,4,2,0.0,4
2126952,0,0,0,4,3,0.0,4
2127597,0,0,0,4,3,0.0,4
2133527,0,0,0,4,1,0.0,4
2169913,0,0,0,4,3,0.0,4
2184853,0,0,1,4,1,0.0,5
2202625,0,0,1,4,5,0.0,5
2270623,0,0,0,4,3,0.0,4
2312170,0,1,1,4,3,0.0,6
2318100,0,0,0,4,4,0.0,4
2337658,0,1,0,4,2,0.0,5
2343554,0,0,0,4,4,0.0,4
2362468,0,2,0,4,5,0.0,6
2363522,0,0,0,4,3,0.0,4
2379547,0,0,0,4,4,0.0,4
2381571,0,0,0,4,2,0.0,4
2399691,0,0,0,4,2,0.0,4
2453230,0,0,0,4,4,0.0,4
2467952,0,0,0,4,3,0.0,4
2482357,0,0,0,4,4,0.0,4
2494401,0,0,0,4,1,0.0,4
2508553,0,0,0,4,4,0.0,4
2526478,0,0,0,4,3,0.0,4
2545868,0,0,0,4,3,0.0,4
2575059,0,0,0,4,3,0.0,4
2606924,0,1,0,4,4,0.0,5
2611885,0,1,0,4,1,0.0,5
2634787,0,0,0,4,3,0.0,4
2655636,0,0,0,4,2,0.0,4
2677611,0,0,0,4,2,0.0,4
2678652,0,0,0,4,3,0.0,4
2687765,0,0,0,4,4,0.0,4
2695277,0,0,0,4,4,0.0,4
2720496,0,1,0,4,3,0.0,5
2773419,0,0,0,4,3,0.0,4
2799848,0,0,0,4,4,0.0,4
2815931,0,0,1,4,1,0.0,5
2832871,0,0,0,4,4,0.0,4
2842504,0,0,2,4,5,0.0,6
2894212,0,1,0,4,2,0.0,5
2937670,0,2,0,4,3,0.0,6
3006470,0,0,0,4,2,0.0,4
3008396,0,1,0,4,2,0.0,5
3094632,0,0,0,4,1,0.0,4
3124121,0,0,0,4,4,0.0,4
3166089,0,0,0,4,2,0.0,4
3174314,0,2,0,4,2,0.0,6
3209208,0,0,1,4,4,0.0,5
3229786,0,0,0,4,4,0.0,4
3247211,0,0,0,4,3,0.0,4
3260881,0,0,0,4,2,0.0,4
3286546,0,0,0,4,4,0.0,4
3304099,0,0,0,4,3,0.0,4
3395036,0,0,0,4,2,0.0,4
3427587,0,0,0,4,3,0.0,4
3465027,0,0,0,4,2,0.0,4
3467061,0,0,0,4,4,0.0,4
3512820,0,0,0,4,3,0.0,4
3528744,0,0,0,4,2,0.0,4
3556745,0,0,0,4,1,0.0,4
3558035,0,1,0,4,4,0.0,5
3572783,0,0,0,4,2,0.0,4
3596683,0,0,0,4,1,0.0,4
3622542,0,0,0,4,1,0.0,4
3692944,0,1,0,4,4,0.0,5
3745602,0,0,0,4,2,0.0,4
3752350,0,0,0,4,3,0.0,4
3753684,0,0,0,4,3,0.0,4
3757194,0,0,1,4,5,0.0,5
3813272,0,0,0,4,1,0.0,4
3814171,0,0,0,4,4,0.0,4
3820436,0,0,1,4,2,0.0,5
3854855,0,0,0,4,3,0.0,4
3901971,0,0,1,4,3,0.0,5
3905335,0,0,0,4,4,0.0,4
3920939,0,0,0,4,1,0.0,4
3945026,0,0,0,4,1,0.0,4
3978441,0,0,0,4,3,0.0,4
4023334,0,1,0,4,1,0.0,5
4064781,0,0,0,4,1,0.0,4
4081518,0,0,1,4,4,0.0,5
4149628,0,0,0,4,3,0.0,4
4173199,0,0,0,4,1,0.0,4
4187767,0,0,0,4,2,0.0,4
4202726,0,1,0,4,3,0.0,5
4209709,0,0,0,4,3,0.0,4
4248306,0,0,1,4,5,0.0,5
4260877,0,0,0,4,4,0.0,4
4263090,0,1,0,4,3,0.0,5
4271180,0,1,0,4,2,0.0,5
4332385,0,0,0,4,3,0.0,4
4358072,0,1,0,4,2,0.0,5
4358542,0,2,0,4,4,0.0,6
4374797,0,0,0,4,1,0.0,4
4386059,0,0,0,4,4,0.0,4
4388856,0,0,0,4,2,0.0,4
4392790,0,0,0,4,1,0.0,4
4487980,0,0,1,4,3,0.0,5
4495588,0,1,0,4,3,0.0,5
4517665,0,0,0,4,3,0.0,4
4570434,0,0,0,4,4,0.0,4
4592018,0,0,0,4,3,0.0,4
4595260,0,0,1,4,5,0.0,5
4597130,0,3,0,4,3,0.0,7
4607596,0,0,0,4,2,0.0,4
4635122,0,0,0,4,3,0.0,4
4658516,0,0,0,4,3,0.0,4
4684627,0,0,0,4,3,0.0,4
4694009,0,0,0,4,3,0.0,4
4732548,0,0,0,4,3,0.0,4
4750636,0,0,0,4,1,0.0,4
4752329,0,0,0,4,3,0.0,4
4756346,0,0,0,4,4,0.0,4
4814715,0,0,0,4,4,0.0,4
4842553,0,0,0,4,1,0.0,4
4849381,0,0,0,4,4,0.0,4
4857685,0,1,0,4,4,0.0,5
4864403,0,1,0,4,3,0.0,5
4867407,0,0,0,4,2,0.0,4
4918683,0,0,0,4,2,0.0,4
4924524,0,0,0,4,2,0.0,4
4924786,0,0,0,4,1,0.0,4
4940020,0,0,0,4,4,0.0,4
4964090,0,0,0,4,3,0.0,4
4970836,0,1,0,4,4,0.0,5
4998889,0,0,0,4,3,0.0,4
5017401,0,0,0,4,2,0.0,4
5045878,0,0,0,4,3,0.0,4
5085490,0,0,0,4,3,0.0,4
5086533,0,1,0,4,3,0.0,5
5101505,0,0,0,4,2,0.0,4
5105125,0,0,0,4,4,0.0,4
5106813,0,0,0,4,3,0.0,4
5131430,0,0,0,4,3,0.0,4
5135255,0,1,1,4,5,0.0,6
5148429,0,2,0,4,3,0.0,6
5156420,0,1,0,4,5,0.0,5
8109,0,0,0,3,1,0.0,3
16766,0,0,0,3,1,0.0,3
20683,0,0,0,3,1,0.0,3
30676,0,0,0,3,3,0.0,3
44158,0,0,0,3,3,0.0,3
102610,0,0,0,3,3,0.0,3
153248,0,0,0,3,3,0.0,3
176011,0,0,0,3,2,0.0,3
199436,0,0,0,3,1,0.0,3
205899,0,0,0,3,3,0.0,3
225719,0,0,0,3,2,0.0,3
262123,0,0,0,3,1,0.0,3
278173,0,0,0,3,2,0.0,3
280472,0,0,0,3,2,0.0,3
281302,0,0,0,3,2,0.0,3
294308,0,0,0,3,3,0.0,3
298586,0,0,0,3,3,0.0,3
324339,0,0,0,3,1,0.0,3
360941,0,0,0,3,2,0.0,3
364772,0,0,0,3,2,0.0,3
409502,0,0,1,3,4,0.0,4
443882,0,1,0,3,1,0.0,4
475026,0,0,0,3,3,0.0,3
542417,0,0,0,3,3,0.0,3
549014,0,0,1,3,4,0.0,4
572644,0,0,0,3,2,0.0,3
578784,0,0,0,3,1,0.0,3
599327,0,0,0,3,3,0.0,3
604527,0,0,0,3,3,0.0,3
620869,0,0,0,3,2,0.0,3
662979,0,1,0,3,4,0.0,4
663387,0,1,0,3,2,0.0,4
671838,0,0,0,3,2,0.0,3
678559,0,1,0,3,2,0.0,4
693142,0,0,0,3,2,0.0,3
702162,0,0,0,3,2,0.0,3
718211,0,0,0,3,3,0.0,3
727648,0,0,0,3,3,0.0,3
737405,0,0,0,3,3,0.0,3
800324,0,0,0,3,3,0.0,3
807278,0,0,1,3,3,0.0,4
810277,0,0,0,3,1,0.0,3
830235,0,0,0,3,2,0.0,3
832330,0,0,0,3,2,0.0,3
843337,0,0,0,3,3,0.0,3
850104,0,0,0,3,2,0.0,3
858696,0,0,0,3,1,0.0,3
878111,0,0,0,3,1,0.0,3
879778,0,0,0,3,2,0.0,3
894646,0,0,0,3,3,0.0,3
920269,0,2,0,3,2,0.0,5
936803,0,0,0,3,2,0.0,3
999980,0,0,0,3,2,0.0,3
1008109,0,0,0,3,2,0.0,3
1024101,0,0,0,3,2,0.0,3
1038897,0,0,0,3,3,0.0,3
1043963,0,0,0,3,3,0.0,3
1063502,0,0,0,3,3,0.0,3
1072393,0,0,0,3,3,0.0,3
1074900,0,0,0,3,2,0.0,3
1082689,0,0,0,3,2,0.0,3
1112773,0,0,0,3,3,0.0,3
1130080,0,0,0,3,2,0.0,3
1148114,0,0,0,3,2,0.0,3
1209822,0,0,0,3,1,0.0,3
1236638,0,0,0,3,3,0.0,3
1250853,0,2,0,3,1,0.0,5
1312158,0,1,0,3,4,0.0,4
1350517,0,0,1,3,3,0.0,4
1350790,0,0,0,3,2,0.0,3
1388444,0,1,0,3,2,0.0,4
1440065,0,0,0,3,3,0.0,3
1450058,0,0,0,3,3,0.0,3
1459642,0,0,0,3,2,0.0,3
1479983,0,0,0,3,3,0.0,3
1485805,0,1,0,3,4,0.0,4
1494177,0,1,0,3,4,0.0,4
1522202,0,0,0,3,1,0.0,3
1559253,0,0,0,3,3,0.0,3
1561839,0,0,0,3,3,0.0,3
1583744,0,2,0,3,1,0.0,5
1604349,0,0,0,3,1,0.0,3
1610993,0,0,0,3,2,0.0,3
1617627,0,0,0,3,1,0.0,3
1618188,0,0,1,3,3,0.0,4
1642508,0,1,0,3,3,0.0,4
1691915,0,1,0,3,4,0.0,4
1692521,0,0,0,3,1,0.0,3
1694317,0,0,0,3,2,0.0,3
1712657,0,3,0,3,4,0.0,6
1721390,0,0,0,3,2,0.0,3
1723640,0,0,0,3,3,0.0,3
1764863,0,0,3,3,3,0.0,6
1779458,0,0,0,3,3,0.0,3
1799352,0,0,0,3,1,0.0,3
1835558,0,0,0,3,1,0.0,3
1840678,0,0,0,3,3,0.0,3
1865209,0,0,0,3,1,0.0,3
1865211,0,0,0,3,1,0.0,3
1865444,0,0,0,3,2,0.0,3
1881274,0,0,0,3,3,0.0,3
1889065,0,0,3,3,3,0.0,6
1912148,0,0,0,3,2,0.0,3
1913428,0,2,0,3,2,0.0,5
1918853,0,1,0,3,4,0.0,4
1954028,0,1,0,3,2,0.0,4
1978345,0,2,0,3,2,0.0,5
1983413,0,0,0,3,2,0.0,3
2006795,0,0,0,3,3,0.0,3
2040765,0,0,0,3,3,0.0,3
2051499,0,0,0,3,3,0.0,3
2053851,0,0,0,3,3,0.0,3
2069606,0,0,0,3,2,0.0,3
2079360,0,0,0,3,3,0.0,3
2102896,0,0,0,3,1,0.0,3
2165262,0,0,0,3,1,0.0,3
2173261,0,0,0,3,2,0.0,3
2178633,0,0,0,3,1,0.0,3
2187532,0,0,0,3,3,0.0,3
2198870,0,0,0,3,2,0.0,3
2218016,0,1,0,3,2,0.0,4
2271635,0,0,0,3,3,0.0,3
2313019,0,0,0,3,3,0.0,3
2363129,0,0,0,3,2,0.0,3
2379229,0,0,0,3,3,0.0,3
2422685,0,1,0,3,1,0.0,4
2442087,0,0,0,3,2,0.0,3
2444955,0,0,0,3,3,0.0,3
2450012,0,0,0,3,2,0.0,3
2492705,0,3,2,3,3,0.0,8
2530793,0,0,0,3,3,0.0,3
2533979,0,0,0,3,3,0.0,3
2584074,0,0,1,3,4,0.0,4
2640327,0,0,0,3,3,0.0,3
2647760,0,1,0,3,4,0.0,4
2657719,0,0,0,3,1,0.0,3
2674605,0,1,1,3,3,0.0,5
2675329,0,1,0,3,3,0.0,4
2682627,0,1,0,3,4,0.0,4
2687903,0,0,0,3,3,0.0,3
2689922,0,1,0,3,4,0.0,4
2691326,0,0,0,3,1,0.0,3
2692029,0,1,0,3,4,0.0,4
2693087,0,0,0,3,3,0.0,3
2702654,0,0,0,3,3,0.0,3
2709371,0,1,0,3,3,0.0,4
2714949,0,0,0,3,3,0.0,3
2760276,0,0,0,3,1,0.0,3
2767575,0,0,0,3,2,0.0,3
2791755,0,0,0,3,2,0.0,3
2796753,0,0,0,3,2,0.0,3
2802293,0,0,0,3,2,0.0,3
2833224,0,0,0,3,3,0.0,3
2834069,0,0,0,3,1,0.0,3
2844721,0,0,0,3,3,0.0,3
2848291,0,0,0,3,2,0.0,3
2916675,0,0,0,3,2,0.0,3
2942460,0,0,0,3,3,0.0,3
2963788,0,0,0,3,3,0.0,3
3003561,0,0,0,3,2,0.0,3
3009851,0,0,0,3,2,0.0,3
3027785,0,0,0,3,2,0.0,3
3029606,0,0,0,3,2,0.0,3
3032872,0,0,0,3,3,0.0,3
3041259,0,1,0,3,3,0.0,4
3046547,0,0,0,3,3,0.0,3
3054267,0,0,0,3,2,0.0,3
3064006,0,0,1,3,3,0.0,4
3087839,0,0,0,3,1,0.0,3
3126991,0,0,0,3,1,0.0,3
3150851,0,0,0,3,2,0.0,3
3153380,0,0,0,3,2,0.0,3
3157674,0,1,0,3,2,0.0,4
3176349,0,0,0,3,3,0.0,3
3186382,0,0,0,3,2,0.0,3
3208818,0,1,0,3,4,0.0,4
3211196,0,0,0,3,2,0.0,3
3212445,0,1,0,3,3,0.0,4
3217337,0,0,0,3,2,0.0,3
3234137,0,0,0,3,2,0.0,3
3264973,0,2,0,3,5,0.0,5
3266686,0,0,0,3,1,0.0,3
3281371,0,0,0,3,3,0.0,3
3305081,0,0,0,3,3,0.0,3
3340284,0,0,0,3,3,0.0,3
3373476,0,0,0,3,1,0.0,3
3381217,0,0,0,3,3,0.0,3
3401539,0,0,0,3,3,0.0,3
3415881,0,0,0,3,2,0.0,3
3501621,0,0,0,3,2,0.0,3
3515249,0,0,0,3,1,0.0,3
3522370,0,0,0,3,2,0.0,3
3626221,0,0,0,3,2,0.0,3
3626786,0,3,0,3,1,0.0,6
3674154,0,0,0,3,2,0.0,3
3695506,0,0,0,3,2,0.0,3
3700191,0,0,0,3,3,0.0,3
3722349,0,0,0,3,3,0.0,3
3753919,0,0,0,3,1,0.0,3
3770161,0,0,0,3,3,0.0,3
3792077,0,1,2,3,6,0.0,6
3809700,0,0,0,3,2,0.0,3
3851390,0,4,0,3,4,0.0,7
3856569,0,1,0,3,2,0.0,4
3890016,0,0,0,3,2,0.0,3
3896013,0,0,0,3,2,0.0,3
3940352,0,1,0,3,3,0.0,4
4074218,0,0,1,3,4,0.0,4
4118218,0,0,0,3,3,0.0,3
4149693,0,0,0,3,2,0.0,3
4149925,0,0,0,3,2,0.0,3
4157438,0,0,0,3,1,0.0,3
4191987,0,0,0,3,3,0.0,3
4201401,0,0,0,3,2,0.0,3
4240198,0,0,0,3,3,0.0,3
4252759,0,0,0,3,1,0.0,3
4265386,0,0,0,3,3,0.0,3
4268427,0,0,0,3,2,0.0,3
4269526,0,0,0,3,3,0.0,3
4274280,0,0,0,3,3,0.0,3
4300418,0,0,1,3,4,0.0,4
4328342,0,0,0,3,3,0.0,3
4363582,0,0,1,3,4,0.0,4
4368912,0,0,0,3,2,0.0,3
4374989,0,0,0,3,2,0.0,3
4387206,0,1,0,3,1,0.0,4
4390513,0,0,0,3,2,0.0,3
4396276,0,1,0,3,4,0.0,4
4396514,0,0,0,3,2,0.0,3
4399644,0,1,0,3,2,0.0,4
4403830,0,0,0,3,2,0.0,3
4406355,0,0,0,3,3,0.0,3
4424259,0,0,0,3,3,0.0,3
4425906,0,0,0,3,3,0.0,3
4451955,0,0,0,3,2,0.0,3
4477551,0,0,0,3,2,0.0,3
4489615,0,0,0,3,3,0.0,3
4526457,0,0,0,3,1,0.0,3
4531179,0,0,0,3,3,0.0,3
4560542,0,0,0,3,3,0.0,3
4575207,0,0,0,3,3,0.0,3
4576724,0,0,0,3,1,0.0,3
4595135,0,0,0,3,2,0.0,3
4605179,0,0,0,3,3,0.0,3
4610961,0,1,1,3,5,0.0,5
4631177,0,0,0,3,2,0.0,3
4639422,0,0,0,3,1,0.0,3
4645521,0,1,0,3,2,0.0,4
4671427,0,0,0,3,2,0.0,3
4676959,0,0,0,3,1,0.0,3
4680195,0,0,0,3,2,0.0,3
4694794,0,0,0,3,3,0.0,3
4711317,0,0,0,3,1,0.0,3
4760804,0,0,0,3,3,0.0,3
4791913,0,0,0,3,3,0.0,3
4823567,0,0,0,3,2,0.0,3
4845528,0,0,0,3,1,0.0,3
4847424,0,0,0,3,1,0.0,3
4876258,0,0,0,3,2,0.0,3
4896014,0,1,0,3,3,0.0,4
4912078,0,0,0,3,2,0.0,3
5042719,0,0,0,3,2,0.0,3
5052177,0,0,0,3,3,0.0,3
5052904,0,0,0,3,2,0.0,3
5066282,0,0,0,3,3,0.0,3
5066805,0,0,0,3,2,0.0,3
5105973,0,0,0,3,2,0.0,3
5115358,0,0,0,3,2,0.0,3
5119295,0,0,0,3,3,0.0,3
5148597,0,0,0,3,3,0.0,3
5150593,0,0,0,3,2,0.0,3
6596,0,0,0,2,2,0.0,2
6991,0,0,0,2,1,0.0,2
9874,0,1,0,2,1,0.0,3
17307,0,0,0,2,2,0.0,2
40477,0,0,0,2,1,0.0,2
78890,0,0,0,2,1,0.0,2
89797,0,0,0,2,2,0.0,2
90326,0,0,1,2,2,0.0,3
97554,0,0,0,2,2,0.0,2
104462,0,0,0,2,1,0.0,2
107693,0,0,0,2,2,0.0,2
122524,0,0,0,2,1,0.0,2
136225,0,0,0,2,2,0.0,2
157420,0,0,0,2,2,0.0,2
157489,0,0,0,2,1,0.0,2
168173,0,0,0,2,2,0.0,2
188263,0,0,0,2,2,0.0,2
199300,0,0,0,2,1,0.0,2
223764,0,0,0,2,1,0.0,2
242624,0,0,0,2,1,0.0,2
246584,0,1,0,2,3,0.0,3
285203,0,0,0,2,1,0.0,2
291354,0,0,0,2,1,0.0,2
306020,0,0,0,2,2,0.0,2
306342,0,0,0,2,1,0.0,2
309088,0,0,0,2,1,0.0,2
347254,0,0,0,2,1,0.0,2
354256,0,1,1,2,4,0.0,4
360595,0,0,0,2,2,0.0,2
370247,0,0,0,2,2,0.0,2
372033,0,0,0,2,2,0.0,2
377676,0,1,0,2,3,0.0,3
388942,0,0,0,2,1,0.0,2
467470,0,0,0,2,2,0.0,2
468291,0,0,0,2,1,0.0,2
479797,0,0,0,2,1,0.0,2
504559,0,0,0,2,2,0.0,2
507291,0,0,1,2,1,0.0,3
553846,0,0,0,2,1,0.0,2
579836,0,1,1,2,2,0.0,4
586317,0,0,0,2,2,0.0,2
624129,0,0,0,2,2,0.0,2
629854,0,1,0,2,1,0.0,3
642764,0,0,0,2,1,0.0,2
663716,0,0,0,2,2,0.0,2
680827,0,0,0,2,2,0.0,2
713342,0,0,0,2,2,0.0,2
713731,0,0,0,2,2,0.0,2
716577,0,0,0,2,2,0.0,2
721015,0,0,0,2,2,0.0,2
725994,0,0,0,2,1,0.0,2
731293,0,2,0,2,2,0.0,4
738207,0,0,0,2,1,0.0,2
795297,0,0,0,2,2,0.0,2
801865,0,0,0,2,1,0.0,2
805111,0,1,0,2,2,0.0,3
808046,0,0,0,2,1,0.0,2
825537,0,0,0,2,2,0.0,2
835895,0,0,0,2,1,0.0,2
845239,0,0,0,2,2,0.0,2
846819,0,0,0,2,2,0.0,2
850355,0,0,0,2,1,0.0,2
850941,0,0,0,2,1,0.0,2
864277,0,0,0,2,2,0.0,2
873521,0,0,0,2,2,0.0,2
876499,0,0,0,2,2,0.0,2
883540,0,0,0,2,1,0.0,2
896271,0,0,1,2,1,0.0,3
905053,0,0,0,2,2,0.0,2
911121,0,0,0,2,2,0.0,2
923467,0,0,0,2,1,0.0,2
962175,0,0,0,2,2,0.0,2
963753,0,0,0,2,2,0.0,2
970588,0,0,0,2,2,0.0,2
1014192,0,0,0,2,2,0.0,2
1019195,0,0,0,2,2,0.0,2
1041428,0,0,0,2,2,0.0,2
1055496,0,0,0,2,1,0.0,2
1088600,0,1,0,2,2,0.0,3
1122547,0,0,0,2,2,0.0,2
1123103,0,0,0,2,1,0.0,2
1139188,0,0,0,2,1,0.0,2
1164997,0,0,0,2,1,0.0,2
1171922,0,0,0,2,2,0.0,2
1193591,0,0,0,2,1,0.0,2
1195469,0,0,0,2,2,0.0,2
1200699,0,1,0,2,2,0.0,3
1206266,0,0,0,2,2,0.0,2
1234048,0,0,0,2,1,0.0,2
1236272,0,0,0,2,2,0.0,2
1242568,0,0,0,2,2,0.0,2
1254635,0,0,0,2,2,0.0,2
1262813,0,0,1,2,2,0.0,3
1263934,0,0,0,2,2,0.0,2
1280595,0,0,0,2,1,0.0,2
1283080,0,0,0,2,2,0.0,2
1289154,0,1,0,2,2,0.0,3
1342174,0,0,0,2,2,0.0,2
1362985,0,0,0,2,1,0.0,2
1365517,0,1,0,2,1,0.0,3
1371048,0,0,0,2,2,0.0,2
1378235,0,0,1,2,2,0.0,3
1378600,0,1,0,2,2,0.0,3
1388760,0,0,0,2,1,0.0,2
1390851,0,0,0,2,2,0.0,2
1396294,0,0,0,2,2,0.0,2
1403634,0,0,0,2,1,0.0,2
1416942,0,0,0,2,2,0.0,2
1417724,0,0,0,2,1,0.0,2
1418845,0,0,0,2,2,0.0,2
1421085,0,0,0,2,2,0.0,2
1425624,0,0,0,2,1,0.0,2
1442693,0,0,0,2,2,0.0,2
1476096,0,0,0,2,2,0.0,2
1481606,0,0,1,2,1,0.0,3
1488205,0,0,0,2,2,0.0,2
1518771,0,0,0,2,2,0.0,2
1529413,0,0,0,2,1,0.0,2
1539328,0,0,0,2,2,0.0,2
1554684,0,0,0,2,1,0.0,2
1593276,0,0,0,2,2,0.0,2
1598538,0,0,0,2,2,0.0,2
1602084,0,0,0,2,2,0.0,2
1612140,0,0,0,2,2,0.0,2
1618400,0,1,0,2,1,0.0,3
1627611,0,0,0,2,1,0.0,2
1646859,0,0,0,2,2,0.0,2
1653688,0,0,0,2,2,0.0,2
1654283,0,0,0,2,1,0.0,2
1667875,0,0,0,2,1,0.0,2
1681934,0,0,0,2,2,0.0,2
1702525,0,0,0,2,1,0.0,2
1703519,0,0,0,2,2,0.0,2
1706459,0,1,0,2,3,0.0,3
1745061,0,0,0,2,1,0.0,2
1759733,0,0,0,2,2,0.0,2
1763836,0,1,0,2,3,0.0,3
1792163,0,0,0,2,1,0.0,2
1792919,0,0,0,2,2,0.0,2
1793313,0,1,0,2,1,0.0,3
1812024,0,0,0,2,2,0.0,2
1820304,0,0,0,2,2,0.0,2
1834836,0,0,0,2,2,0.0,2
1854481,0,0,0,2,2,0.0,2
1860371,0,0,0,2,2,0.0,2
1868513,0,0,0,2,1,0.0,2
1882924,0,0,0,2,2,0.0,2
1897924,0,0,0,2,1,0.0,2
1901895,0,0,0,2,2,0.0,2
1916098,0,0,0,2,1,0.0,2
1932760,0,0,0,2,2,0.0,2
1944520,0,0,0,2,1,0.0,2
1953657,0,0,0,2,2,0.0,2
1960523,0,0,0,2,1,0.0,2
1968315,0,1,0,2,3,0.0,3
1983785,0,0,0,2,2,0.0,2
1986402,0,0,0,2,1,0.0,2
1986596,0,0,0,2,2,0.0,2
1988672,0,0,0,2,2,0.0,2
2000725,0,0,0,2,1,0.0,2
2011389,0,0,0,2,2,0.0,2
2034426,0,0,0,2,2,0.0,2
2041411,0,0,0,2,2,0.0,2
2049210,0,0,0,2,1,0.0,2
2052123,0,0,0,2,1,0.0,2
2052384,0,0,0,2,2,0.0,2
2082380,0,0,0,2,2,0.0,2
2097345,0,0,0,2,1,0.0,2
2107766,0,0,0,2,1,0.0,2
2135940,0,0,0,2,2,0.0,2
2157221,0,0,0,2,1,0.0,2
2185731,0,0,0,2,2,0.0,2
2189821,0,1,0,2,2,0.0,3
2209420,0,0,0,2,1,0.0,2
2227283,0,0,0,2,2,0.0,2
2230263,0,0,0,2,2,0.0,2
2232382,0,0,0,2,2,0.0,2
2267067,0,0,0,2,2,0.0,2
2280400,0,0,0,2,2,0.0,2
2281023,0,0,0,2,2,0.0,2
2288919,0,0,1,2,3,0.0,3
2295453,0,1,0,2,3,0.0,3
2307791,0,0,1,2,2,0.0,3
2344666,0,0,0,2,1,0.0,2
2354072,0,5,0,2,2,0.0,7
2372829,0,0,0,2,2,0.0,2
2396030,0,0,0,2,2,0.0,2
2408538,0,0,0,2,1,0.0,2
2420210,0,0,0,2,1,0.0,2
2425393,0,0,0,2,2,0.0,2
2446427,0,0,0,2,2,0.0,2
2447947,0,0,0,2,2,0.0,2
2451344,0,0,0,2,2,0.0,2
2462191,0,0,0,2,1,0.0,2
2540745,0,0,0,2,2,0.0,2
2552099,0,0,0,2,2,0.0,2
2553257,0,0,0,2,2,0.0,2
2573032,0,0,0,2,2,0.0,2
2575281,0,0,0,2,1,0.0,2
2578010,0,0,0,2,2,0.0,2
2586826,0,0,0,2,1,0.0,2
2611027,0,0,1,2,2,0.0,3
2618630,0,0,0,2,2,0.0,2
2621301,0,0,0,2,2,0.0,2
2630209,0,0,0,2,1,0.0,2
2638664,0,1,0,2,3,0.0,3
2653633,0,0,0,2,1,0.0,2
2665393,0,1,0,2,1,0.0,3
2667019,0,1,0,2,2,0.0,3
2670117,0,0,0,2,2,0.0,2
2682858,0,1,0,2,1,0.0,3
2711467,0,0,0,2,2,0.0,2
2716442,0,0,0,2,2,0.0,2
2732141,0,0,0,2,1,0.0,2
2733034,0,0,0,2,1,0.0,2
2749188,0,0,0,2,1,0.0,2
2751130,0,0,0,2,2,0.0,2
2787541,0,0,0,2,2,0.0,2
2788167,0,0,0,2,2,0.0,2
2825463,0,0,0,2,1,0.0,2
2839880,0,0,0,2,2,0.0,2
2853285,0,0,0,2,2,0.0,2
2855230,0,0,0,2,1,0.0,2
2859865,0,0,0,2,2,0.0,2
2860524,0,0,0,2,1,0.0,2
2864132,0,0,0,2,2,0.0,2
2884555,0,0,2,2,2,0.0,4
2899861,0,0,0,2,1,0.0,2
2909874,0,0,1,2,1,0.0,3
2934788,0,1,0,2,1,0.0,3
2961228,0,0,0,2,2,0.0,2
2970693,0,0,0,2,1,0.0,2
2972157,0,0,0,2,1,0.0,2
2986368,0,0,0,2,2,0.0,2
2990975,0,0,0,2,1,0.0,2
3004361,0,0,0,2,1,0.0,2
3018880,0,0,0,2,2,0.0,2
3052606,0,0,0,2,1,0.0,2
3062356,0,0,0,2,1,0.0,2
3068234,0,0,0,2,2,0.0,2
3075153,0,0,0,2,2,0.0,2
3077522,0,0,0,2,2,0.0,2
3084325,0,0,0,2,1,0.0,2
3137626,0,0,0,2,1,0.0,2
3161951,0,1,2,2,4,0.0,5
3188314,0,0,0,2,2,0.0,2
3193449,0,0,0,2,1,0.0,2
3193942,0,0,1,2,3,0.0,3
3194345,0,0,0,2,2,0.0,2
3195398,0,0,0,2,2,0.0,2
3219576,0,0,0,2,2,0.0,2
3227115,0,0,0,2,2,0.0,2
3233284,0,0,0,2,1,0.0,2
3255560,0,0,0,2,2,0.0,2
3309643,0,0,0,2,2,0.0,2
3312216,0,0,0,2,2,0.0,2
3322346,0,0,0,2,2,0.0,2
3331421,0,0,0,2,1,0.0,2
3339691,0,0,0,2,2,0.0,2
3369736,0,0,0,2,2,0.0,2
3374096,0,0,0,2,2,0.0,2
3380746,0,0,0,2,2,0.0,2
3386923,0,0,0,2,1,0.0,2
3388209,0,0,0,2,2,0.0,2
3394813,0,0,0,2,1,0.0,2
3412492,0,0,0,2,1,0.0,2
3413181,0,0,0,2,1,0.0,2
3419104,0,0,0,2,2,0.0,2
3426784,0,0,0,2,2,0.0,2
3427814,0,1,0,2,1,0.0,3
3450166,0,0,0,2,2,0.0,2
3459146,0,0,0,2,2,0.0,2
3460627,0,0,0,2,2,0.0,2
3471255,0,1,0,2,3,0.0,3
3472302,0,0,0,2,2,0.0,2
3476493,0,0,0,2,2,0.0,2
3509084,0,0,0,2,2,0.0,2
3510379,0,1,0,2,3,0.0,3
3514742,0,0,0,2,2,0.0,2
3522123,0,0,0,2,1,0.0,2
3532737,0,0,0,2,2,0.0,2
3545363,0,0,0,2,2,0.0,2
3558290,0,1,0,2,2,0.0,3
3580032,0,0,0,2,2,0.0,2
3580879,0,1,0,2,2,0.0,3
3599138,0,0,0,2,1,0.0,2
3602433,0,0,0,2,2,0.0,2
3608615,0,0,0,2,2,0.0,2
3613271,0,0,0,2,1,0.0,2
3616186,0,0,0,2,1,0.0,2
3624267,0,0,0,2,1,0.0,2
3639576,0,1,0,2,2,0.0,3
3641399,0,0,0,2,2,0.0,2
3646615,0,0,0,2,2,0.0,2
3654874,0,1,0,2,3,0.0,3
3654951,0,0,0,2,2,0.0,2
3707414,0,1,0,2,3,0.0,3
3756425,0,0,0,2,1,0.0,2
3774119,0,1,0,2,3,0.0,3
3781293,0,0,0,2,2,0.0,2
3798628,0,0,0,2,2,0.0,2
3819832,0,0,0,2,1,0.0,2
3835786,0,0,0,2,2,0.0,2
3837094,0,0,0,2,2,0.0,2
3861976,0,0,0,2,1,0.0,2
3890552,0,0,0,2,2,0.0,2
3913749,0,0,0,2,2,0.0,2
3919514,0,0,0,2,1,0.0,2
3921179,0,0,0,2,2,0.0,2
3946180,0,0,0,2,2,0.0,2
3952507,0,0,0,2,2,0.0,2
3967918,0,0,0,2,2,0.0,2
3976366,0,0,0,2,1,0.0,2
3986479,0,0,0,2,1,0.0,2
3996607,0,0,0,2,2,0.0,2
3996757,0,0,0,2,1,0.0,2
3998581,0,0,0,2,1,0.0,2
4015341,0,1,0,2,2,0.0,3
4017881,0,0,0,2,2,0.0,2
4019270,0,0,0,2,1,0.0,2
4062433,0,0,0,2,2,0.0,2
4065109,0,0,0,2,1,0.0,2
4074845,0,0,0,2,2,0.0,2
4083276,0,0,0,2,2,0.0,2
4083839,0,0,0,2,1,0.0,2
4124908,0,0,0,2,1,0.0,2
4135739,0,0,0,2,2,0.0,2
4139570,0,0,0,2,1,0.0,2
4143151,0,0,0,2,2,0.0,2
4183651,0,0,0,2,1,0.0,2
4189660,0,0,0,2,1,0.0,2
4216573,0,0,0,2,1,0.0,2
4256143,0,1,0,2,2,0.0,3
4272374,0,0,0,2,2,0.0,2
4274907,0,0,0,2,1,0.0,2
4281917,0,0,0,2,2,0.0,2
4303929,0,0,0,2,1,0.0,2
4311126,0,0,0,2,2,0.0,2
4325718,0,0,0,2,2,0.0,2
4327533,0,0,0,2,2,0.0,2
4328885,0,0,0,2,2,0.0,2
4339589,0,0,0,2,1,0.0,2
4347364,0,0,0,2,1,0.0,2
4352653,0,0,0,2,1,0.0,2
4358674,0,0,0,2,1,0.0,2
4372804,0,0,1,2,2,0.0,3
4379751,0,0,1,2,2,0.0,3
4410579,0,0,0,2,2,0.0,2
4427946,0,0,0,2,2,0.0,2
4433614,0,0,0,2,2,0.0,2
4441627,0,0,0,2,2,0.0,2
4453737,0,0,0,2,2,0.0,2
4474010,0,0,0,2,1,0.0,2
4487257,0,0,0,2,2,0.0,2
4502419,0,0,0,2,1,0.0,2
4510514,0,0,0,2,2,0.0,2
4524544,0,0,0,2,2,0.0,2
4525104,0,0,0,2,2,0.0,2
4527334,0,0,0,2,1,0.0,2
4533810,0,0,0,2,2,0.0,2
4537544,0,0,0,2,2,0.0,2
4577044,0,0,0,2,1,0.0,2
4584709,0,0,1,2,2,0.0,3
4593052,0,0,0,2,2,0.0,2
4601287,0,0,0,2,1,0.0,2
4603467,0,0,0,2,2,0.0,2
4613316,0,0,0,2,1,0.0,2
4627575,0,0,0,2,1,0.0,2
4643925,0,0,0,2,2,0.0,2
4652209,0,0,0,2,2,0.0,2
4668616,0,1,0,2,3,0.0,3
4670159,0,0,0,2,2,0.0,2
4730421,0,0,0,2,1,0.0,2
4741040,0,0,0,2,1,0.0,2
4760363,0,0,0,2,2,0.0,2
4761193,0,0,0,2,1,0.0,2
4762296,0,0,0,2,2,0.0,2
4768875,0,0,0,2,2,0.0,2
4773090,0,0,0,2,2,0.0,2
4780793,0,0,1,2,1,0.0,3
4784593,0,0,0,2,2,0.0,2
4785435,0,0,0,2,1,0.0,2
4785750,0,0,0,2,2,0.0,2
4793839,0,1,0,2,3,0.0,3
4796256,0,0,0,2,1,0.0,2
4814359,0,0,0,2,1,0.0,2
4820683,0,1,0,2,2,0.0,3
4826774,0,0,0,2,2,0.0,2
4832888,0,0,0,2,2,0.0,2
4854514,0,0,1,2,3,0.0,3
4855870,0,0,0,2,2,0.0,2
4876006,0,0,0,2,2,0.0,2
4885787,0,0,0,2,2,0.0,2
4901652,0,0,0,2,1,0.0,2
4911576,0,0,0,2,2,0.0,2
4936155,0,3,0,2,4,0.0,5
4943214,0,0,0,2,1,0.0,2
4949807,0,2,0,2,3,0.0,4
4963975,0,0,0,2,2,0.0,2
5001131,0,0,0,2,2,0.0,2
5023117,0,0,0,2,2,0.0,2
5025425,0,0,0,2,2,0.0,2
5040630,0,0,0,2,2,0.0,2
5040906,0,0,0,2,2,0.0,2
5060852,0,0,0,2,1,0.0,2
5073790,0,0,0,2,2,0.0,2
5096198,0,0,0,2,2,0.0,2
5127288,0,0,0,2,1,0.0,2
2818,0,0,0,1,1,0.0,1
12566,0,0,0,1,1,0.0,1
13437,0,0,0,1,1,0.0,1
13845,0,0,1,1,1,0.0,2
29244,0,0,0,1,1,0.0,1
47317,0,0,3,1,1,0.0,4
50131,0,0,0,1,1,0.0,1
71699,0,0,0,1,1,0.0,1
99763,0,0,0,1,1,0.0,1
102917,0,0,0,1,1,0.0,1
106801,0,0,0,1,1,0.0,1
115357,0,0,0,1,1,0.0,1
119467,0,0,0,1,1,0.0,1
138307,0,0,0,1,1,0.0,1
140601,0,0,0,1,1,0.0,1
142059,0,0,0,1,1,0.0,1
143013,0,0,0,1,1,0.0,1
152639,0,0,0,1,1,0.0,1
153544,0,0,0,1,1,0.0,1
171569,0,0,0,1,1,0.0,1
185762,0,0,0,1,1,0.0,1
186515,0,0,0,1,1,0.0,1
200533,0,0,0,1,1,0.0,1
201536,0,0,0,1,1,0.0,1
217383,0,0,0,1,1,0.0,1
219991,0,0,0,1,1,0.0,1
221906,0,0,0,1,1,0.0,1
239731,0,0,0,1,1,0.0,1
246973,0,0,0,1,1,0.0,1
254162,0,0,0,1,1,0.0,1
254942,0,0,0,1,1,0.0,1
257571,0,0,0,1,1,0.0,1
262776,0,0,0,1,1,0.0,1
272094,0,0,0,1,1,0.0,1
280975,0,0,0,1,1,0.0,1
284601,0,0,2,1,3,0.0,3
293909,0,0,1,1,2,0.0,2
294080,0,0,0,1,1,0.0,1
294944,0,0,0,1,1,0.0,1
297829,0,0,0,1,1,0.0,1
300463,0,0,0,1,1,0.0,1
300775,0,0,0,1,1,0.0,1
302746,0,0,0,1,1,0.0,1
306490,0,0,0,1,1,0.0,1
321175,0,0,0,1,1,0.0,1
331256,0,0,0,1,1,0.0,1
340378,0,0,0,1,1,0.0,1
341247,0,1,0,1,2,0.0,2
343590,0,0,0,1,1,0.0,1
344841,0,0,0,1,1,0.0,1
352399,0,0,0,1,1,0.0,1
356754,0,0,0,1,1,0.0,1
359481,0,0,0,1,1,0.0,1
361095,0,1,0,1,2,0.0,2
363644,0,0,0,1,1,0.0,1
374342,0,0,0,1,1,0.0,1
379687,0,0,0,1,1,0.0,1
389948,0,0,0,1,1,0.0,1
391823,0,1,0,1,2,0.0,2
395319,0,0,0,1,1,0.0,1
402682,0,0,0,1,1,0.0,1
406219,0,0,0,1,1,0.0,1
408119,0,0,0,1,1,0.0,1
411242,0,0,0,1,1,0.0,1
414669,0,0,0,1,1,0.0,1
416183,0,0,0,1,1,0.0,1
428513,0,1,0,1,2,0.0,2
443228,0,0,0,1,1,0.0,1
443259,0,0,1,1,2,0.0,2
485799,0,0,0,1,1,0.0,1
485963,0,0,0,1,1,0.0,1
497797,0,0,0,1,1,0.0,1
504058,0,0,0,1,1,0.0,1
524690,0,0,0,1,1,0.0,1
570578,0,0,0,1,1,0.0,1
584401,0,0,0,1,1,0.0,1
599382,0,0,0,1,1,0.0,1
604296,0,0,0,1,1,0.0,1
614994,0,0,0,1,1,0.0,1
625930,0,0,0,1,1,0.0,1
629343,0,0,0,1,1,0.0,1
635961,0,0,0,1,1,0.0,1
640436,0,0,0,1,1,0.0,1
652979,0,1,0,1,2,0.0,2
660942,0,0,0,1,1,0.0,1
667964,0,0,0,1,1,0.0,1
689424,0,0,0,1,1,0.0,1
696911,0,0,0,1,1,0.0,1
697095,0,1,0,1,2,0.0,2
702853,0,0,0,1,1,0.0,1
714624,0,0,0,1,1,0.0,1
715415,0,0,0,1,1,0.0,1
729017,0,0,0,1,1,0.0,1
740932,0,0,0,1,1,0.0,1
752128,0,0,0,1,1,0.0,1
762327,0,0,1,1,2,0.0,2
764716,0,0,0,1,1,0.0,1
767449,0,0,0,1,1,0.0,1
773704,0,0,0,1,1,0.0,1
778398,0,1,0,1,2,0.0,2
778790,0,0,0,1,1,0.0,1
802883,0,0,0,1,1,0.0,1
808429,0,0,0,1,1,0.0,1
820545,0,0,0,1,1,0.0,1
823550,0,0,0,1,1,0.0,1
833103,0,0,0,1,1,0.0,1
845991,0,0,0,1,1,0.0,1
856881,0,1,0,1,1,0.0,2
866945,0,0,1,1,2,0.0,2
874340,0,0,0,1,1,0.0,1
878493,0,0,0,1,1,0.0,1
880866,0,0,0,1,1,0.0,1
892482,0,0,0,1,1,0.0,1
893978,0,0,0,1,1,0.0,1
896501,0,0,0,1,1,0.0,1
896581,0,0,0,1,1,0.0,1
896899,0,0,0,1,1,0.0,1
914015,0,0,0,1,1,0.0,1
921298,0,0,0,1,1,0.0,1
922990,0,0,0,1,1,0.0,1
928334,0,0,0,1,1,0.0,1
933915,0,0,0,1,1,0.0,1
951089,0,0,0,1,1,0.0,1
964224,0,0,0,1,1,0.0,1
964432,0,0,0,1,1,0.0,1
979216,0,0,0,1,1,0.0,1
980774,0,0,0,1,1,0.0,1
981634,0,0,0,1,1,0.0,1
1002057,0,0,0,1,1,0.0,1
1007591,0,0,0,1,1,0.0,1
1021251,0,0,0,1,1,0.0,1
1023232,0,0,0,1,1,0.0,1
1032677,0,0,0,1,1,0.0,1
1037127,0,0,0,1,1,0.0,1
1040844,0,0,0,1,1,0.0,1
1047062,0,0,0,1,1,0.0,1
1050400,0,0,0,1,1,0.0,1
1051222,0,0,0,1,1,0.0,1
1064138,0,0,0,1,1,0.0,1
1065477,0,0,0,1,1,0.0,1
1071810,0,0,0,1,1,0.0,1
1078236,0,0,0,1,1,0.0,1
1090746,0,0,0,1,1,0.0,1
1109721,0,0,0,1,1,0.0,1
1139904,0,0,0,1,1,0.0,1
1142026,0,0,0,1,1,0.0,1
1143882,0,0,0,1,1,0.0,1
1153016,0,0,0,1,1,0.0,1
1154663,0,0,0,1,1,0.0,1
1158078,0,0,0,1,1,0.0,1
1159340,0,0,0,1,1,0.0,1
1173453,0,0,0,1,1,0.0,1
1176880,0,0,0,1,1,0.0,1
1195198,0,2,0,1,2,0.0,3
1197761,0,0,0,1,1,0.0,1
1201810,0,0,0,1,1,0.0,1
1228115,0,0,0,1,1,0.0,1
1234577,0,0,0,1,1,0.0,1
1236470,0,0,0,1,1,0.0,1
1255142,0,0,0,1,1,0.0,1
1263068,0,0,0,1,1,0.0,1
1264586,0,0,0,1,1,0.0,1
1277139,0,0,0,1,1,0.0,1
1282448,0,0,0,1,1,0.0,1
1294747,0,0,0,1,1,0.0,1
1295571,0,0,0,1,1,0.0,1
1297167,0,0,0,1,1,0.0,1
1310508,0,1,0,1,2,0.0,2
1325026,0,0,0,1,1,0.0,1
1328592,0,0,0,1,1,0.0,1
1355400,0,0,0,1,1,0.0,1
1365271,0,0,0,1,1,0.0,1
1390603,0,0,1,1,2,0.0,2
1393394,0,1,0,1,2,0.0,2
1394012,0,0,0,1,1,0.0,1
1400481,0,0,0,1,1,0.0,1
1401232,0,0,0,1,1,0.0,1
1411976,0,0,0,1,1,0.0,1
1415581,0,0,0,1,1,0.0,1
1422133,0,0,0,1,1,0.0,1
1422404,0,0,0,1,1,0.0,1
1430205,0,0,0,1,1,0.0,1
1434792,0,0,0,1,1,0.0,1
1436375,0,0,0,1,1,0.0,1
1439081,0,0,0,1,1,0.0,1
1444181,0,0,0,1,1,0.0,1
1448274,0,0,0,1,1,0.0,1
1464940,0,0,0,1,1,0.0,1
1467314,0,0,0,1,1,0.0,1
1481346,0,0,0,1,1,0.0,1
1483024,0,0,0,1,1,0.0,1
1485725,0,0,0,1,1,0.0,1
1491996,0,1,0,1,2,0.0,2
1492316,0,0,0,1,1,0.0,1
1496373,0,0,0,1,1,0.0,1
1498547,0,0,0,1,1,0.0,1
1511412,0,0,0,1,1,0.0,1
1515192,0,0,0,1,1,0.0,1
1517745,0,0,0,1,1,0.0,1
1518394,0,0,0,1,1,0.0,1
1518543,0,0,0,1,1,0.0,1
1522340,0,0,0,1,1,0.0,1
1524215,0,0,0,1,1,0.0,1
1524998,0,0,0,1,1,0.0,1
1527667,0,0,0,1,1,0.0,1
1535500,0,0,0,1,1,0.0,1
1535675,0,0,0,1,1,0.0,1
1540196,0,0,0,1,1,0.0,1
1547312,0,0,0,1,1,0.0,1
1549387,0,0,0,1,1,0.0,1
1559456,0,0,0,1,1,0.0,1
1565799,0,0,0,1,1,0.0,1
1573042,0,0,0,1,1,0.0,1
1581018,0,0,0,1,1,0.0,1
1610367,0,0,0,1,1,0.0,1
1617281,0,0,0,1,1,0.0,1
1620793,0,0,0,1,1,0.0,1
1637551,0,0,0,1,1,0.0,1
1692250,0,0,0,1,1,0.0,1
1701471,0,0,0,1,1,0.0,1
1701543,0,0,0,1,1,0.0,1
1708364,0,0,0,1,1,0.0,1
1725877,0,0,0,1,1,0.0,1
1733194,0,0,0,1,1,0.0,1
1765052,0,0,0,1,1,0.0,1
1765179,0,0,0,1,1,0.0,1
1771100,0,0,0,1,1,0.0,1
1776425,0,0,1,1,2,0.0,2
1776686,0,0,0,1,1,0.0,1
1782900,0,0,0,1,1,0.0,1
1787284,0,0,0,1,1,0.0,1
1816843,0,1,0,1,1,0.0,2
1823789,0,0,0,1,1,0.0,1
1827078,0,0,0,1,1,0.0,1
1827328,0,0,0,1,1,0.0,1
1834393,0,0,0,1,1,0.0,1
1838064,0,0,0,1,1,0.0,1
1841388,0,0,0,1,1,0.0,1
1841930,0,0,0,1,1,0.0,1
1847889,0,0,0,1,1,0.0,1
1870250,0,0,0,1,1,0.0,1
1879828,0,0,0,1,1,0.0,1
1882323,0,0,0,1,1,0.0,1
1893997,0,2,0,1,2,0.0,3
1900834,0,0,0,1,1,0.0,1
1906629,0,0,0,1,1,0.0,1
1918447,0,0,0,1,1,0.0,1
1921056,0,0,0,1,1,0.0,1
1928128,0,0,0,1,1,0.0,1
1949490,0,0,0,1,1,0.0,1
1952752,0,0,0,1,1,0.0,1
1970552,0,0,0,1,1,0.0,1
1973742,0,0,0,1,1,0.0,1
1992942,0,0,0,1,1,0.0,1
1994455,0,0,0,1,1,0.0,1
1999982,0,1,0,1,2,0.0,2
2014687,0,0,0,1,1,0.0,1
2027055,0,0,0,1,1,0.0,1
2028693,0,0,0,1,1,0.0,1
2042003,0,0,0,1,1,0.0,1
2043668,0,0,0,1,1,0.0,1
2046012,0,0,0,1,1,0.0,1
2051267,0,0,0,1,1,0.0,1
2062378,0,0,0,1,1,0.0,1
2063273,0,0,0,1,1,0.0,1
2070908,0,0,0,1,1,0.0,1
2078702,0,0,0,1,1,0.0,1
2082784,0,0,0,1,1,0.0,1
2097209,0,0,0,1,1,0.0,1
2099849,0,0,0,1,1,0.0,1
2100690,0,0,0,1,1,0.0,1
2111034,0,0,0,1,1,0.0,1
2129922,0,0,0,1,1,0.0,1
2145168,0,0,0,1,1,0.0,1
2147425,0,1,0,1,1,0.0,2
2153280,0,0,0,1,1,0.0,1
2162012,0,0,0,1,1,0.0,1
2165498,0,0,0,1,1,0.0,1
2171171,0,0,0,1,1,0.0,1
2172093,0,0,0,1,1,0.0,1
2200638,0,0,0,1,1,0.0,1
2201295,0,3,0,1,1,0.0,4
2202302,0,0,0,1,1,0.0,1
2202773,0,0,0,1,1,0.0,1
2223314,0,0,0,1,1,0.0,1
2237203,0,0,0,1,1,0.0,1
2247127,0,0,0,1,1,0.0,1
2248015,0,0,0,1,1,0.0,1
2261645,0,0,0,1,1,0.0,1
2265659,0,0,0,1,1,0.0,1
2265700,0,0,0,1,1,0.0,1
2267553,0,1,0,1,2,0.0,2
2277896,0,0,1,1,1,0.0,2
2279449,0,0,0,1,1,0.0,1
2288327,0,0,0,1,1,0.0,1
2334072,0,0,0,1,1,0.0,1
2340871,0,0,0,1,1,0.0,1
2350409,0,0,0,1,1,0.0,1
2366076,0,0,0,1,1,0.0,1
2368939,0,0,0,1,1,0.0,1
2374779,0,0,0,1,1,0.0,1
2381650,0,0,0,1,1,0.0,1
2392409,0,0,0,1,1,0.0,1
2395891,0,0,0,1,1,0.0,1
2397531,0,1,0,1,2,0.0,2
2399425,0,0,0,1,1,0.0,1
2399583,0,0,0,1,1,0.0,1
2412920,0,0,0,1,1,0.0,1
2421866,0,0,0,1,1,0.0,1
2424075,0,0,0,1,1,0.0,1
2431277,0,0,0,1,1,0.0,1
2451827,0,0,0,1,1,0.0,1
2456212,0,0,0,1,1,0.0,1
2458438,0,0,0,1,1,0.0,1
2465573,0,0,0,1,1,0.0,1
2484261,0,0,0,1,1,0.0,1
2486102,0,0,0,1,1,0.0,1
2494458,0,0,0,1,1,0.0,1
2495814,0,0,0,1,1,0.0,1
2496012,0,0,0,1,1,0.0,1
2496211,0,0,0,1,1,0.0,1
2499834,0,0,0,1,1,0.0,1
2509955,0,0,0,1,1,0.0,1
2517448,0,0,0,1,1,0.0,1
2524663,0,0,0,1,1,0.0,1
2529139,0,0,0,1,1,0.0,1
2538849,0,0,0,1,1,0.0,1
2543170,0,0,0,1,1,0.0,1
2554344,0,0,0,1,1,0.0,1
2559185,0,0,0,1,1,0.0,1
2566194,0,0,0,1,1,0.0,1
2567848,0,0,0,1,1,0.0,1
2571442,0,0,0,1,1,0.0,1
2572990,0,0,0,1,1,0.0,1
2573693,0,0,0,1,1,0.0,1
2588397,0,0,0,1,1,0.0,1
2588445,0,0,0,1,1,0.0,1
2590902,0,0,0,1,1,0.0,1
2594068,0,0,0,1,1,0.0,1
2595375,0,0,0,1,1,0.0,1
2602083,0,0,0,1,1,0.0,1
2602866,0,0,0,1,1,0.0,1
2615777,0,0,0,1,1,0.0,1
2625401,0,0,0,1,1,0.0,1
2627037,0,0,0,1,1,0.0,1
2627359,0,0,0,1,1,0.0,1
2628979,0,1,1,1,3,0.0,3
2634918,0,0,0,1,1,0.0,1
2639297,0,0,0,1,1,0.0,1
2641614,0,1,0,1,1,0.0,2
2650255,0,0,0,1,1,0.0,1
2657849,0,0,0,1,1,0.0,1
2668314,0,0,0,1,1,0.0,1
2674209,0,0,0,1,1,0.0,1
2679262,0,0,0,1,1,0.0,1
2699338,0,0,0,1,1,0.0,1
2700376,0,0,0,1,1,0.0,1
2703301,0,0,0,1,1,0.0,1
2704015,0,0,0,1,1,0.0,1
2707715,0,0,0,1,1,0.0,1
2716353,0,0,0,1,1,0.0,1
2735086,0,0,0,1,1,0.0,1
2739388,0,0,0,1,1,0.0,1
2746662,0,0,0,1,1,0.0,1
2750866,0,0,0,1,1,0.0,1
2751159,0,0,0,1,1,0.0,1
2752589,0,0,0,1,1,0.0,1
2754299,0,0,0,1,1,0.0,1
2756070,0,1,0,1,2,0.0,2
2761222,0,0,0,1,1,0.0,1
2769598,0,0,0,1,1,0.0,1
2778829,0,0,0,1,1,0.0,1
2797749,0,0,0,1,1,0.0,1
2807166,0,0,0,1,1,0.0,1
2821862,0,0,0,1,1,0.0,1
2833460,0,0,0,1,1,0.0,1
2841881,0,0,0,1,1,0.0,1
2843368,0,0,0,1,1,0.0,1
2844116,0,0,0,1,1,0.0,1
2863357,0,0,0,1,1,0.0,1
2865652,0,0,0,1,1,0.0,1
2871611,0,0,0,1,1,0.0,1
2872050,0,0,0,1,1,0.0,1
2880666,0,0,0,1,1,0.0,1
2881914,0,0,0,1,1,0.0,1
2884615,0,0,0,1,1,0.0,1
2889709,0,0,0,1,1,0.0,1
2889935,0,0,0,1,1,0.0,1
2897952,0,0,0,1,1,0.0,1
2912808,0,0,0,1,1,0.0,1
2913673,0,0,0,1,1,0.0,1
2922530,0,0,0,1,1,0.0,1
2935400,0,0,0,1,1,0.0,1
2949750,0,0,0,1,1,0.0,1
2961571,0,0,0,1,1,0.0,1
2968219,0,0,0,1,1,0.0,1
2975968,0,0,0,1,1,0.0,1
2976843,0,0,0,1,1,0.0,1
2978503,0,0,0,1,1,0.0,1
2979755,0,0,0,1,1,0.0,1
2981506,0,0,0,1,1,0.0,1
2989621,0,0,0,1,1,0.0,1
2990986,0,0,0,1,1,0.0,1
2993053,0,0,0,1,1,0.0,1
3006524,0,0,0,1,1,0.0,1
3008185,0,0,0,1,1,0.0,1
3010881,0,0,0,1,1,0.0,1
3017994,0,0,0,1,1,0.0,1
3031312,0,0,0,1,1,0.0,1
3032062,0,0,0,1,1,0.0,1
3044104,0,0,0,1,1,0.0,1
3046285,0,0,0,1,1,0.0,1
3060316,0,0,0,1,1,0.0,1
3061129,0,0,0,1,1,0.0,1
3062977,0,0,0,1,1,0.0,1
3067560,0,0,1,1,1,0.0,2
3073163,0,0,0,1,1,0.0,1
3087269,0,0,0,1,1,0.0,1
3088062,0,0,0,1,1,0.0,1
3090680,0,0,0,1,1,0.0,1
3091719,0,0,0,1,1,0.0,1
3092636,0,0,0,1,1,0.0,1
3099154,0,0,0,1,1,0.0,1
3103948,0,0,0,1,1,0.0,1
3105682,0,0,0,1,1,0.0,1
3112979,0,0,0,1,1,0.0,1
3120318,0,0,0,1,1,0.0,1
3122203,0,0,0,1,1,0.0,1
3123178,0,0,0,1,1,0.0,1
3124868,0,0,0,1,1,0.0,1
3134373,0,1,0,1,1,0.0,2
3141486,0,2,0,1,2,0.0,3
3148462,0,0,0,1,1,0.0,1
3148847,0,1,0,1,2,0.0,2
3151084,0,0,0,1,1,0.0,1
3154021,0,1,0,1,1,0.0,2
3159606,0,0,0,1,1,0.0,1
3165428,0,0,0,1,1,0.0,1
3165623,0,0,0,1,1,0.0,1
3168054,0,0,0,1,1,0.0,1
3176120,0,0,0,1,1,0.0,1
3184947,0,1,0,1,1,0.0,2
3185664,0,0,0,1,1,0.0,1
3186000,0,0,0,1,1,0.0,1
3186326,0,0,0,1,1,0.0,1
3203956,0,0,0,1,1,0.0,1
3209825,0,0,0,1,1,0.0,1
3213921,0,0,0,1,1,0.0,1
3217275,0,0,0,1,1,0.0,1
3222568,0,1,0,1,2,0.0,2
3225718,0,0,0,1,1,0.0,1
3229566,0,0,0,1,1,0.0,1
3236541,0,0,0,1,1,0.0,1
3242912,0,0,0,1,1,0.0,1
3250977,0,0,0,1,1,0.0,1
3256582,0,0,0,1,1,0.0,1
3260723,0,0,0,1,1,0.0,1
3262735,0,1,1,1,3,0.0,3
3264214,0,0,0,1,1,0.0,1
3267288,0,2,0,1,2,0.0,3
3267510,0,0,0,1,1,0.0,1
3275156,0,0,0,1,1,0.0,1
3278662,0,0,0,1,1,0.0,1
3280142,0,0,0,1,1,0.0,1
3284512,0,0,0,1,1,0.0,1
3285912,0,0,0,1,1,0.0,1
3287763,0,0,0,1,1,0.0,1
3296913,0,0,0,1,1,0.0,1
3301175,0,0,0,1,1,0.0,1
3308109,0,0,0,1,1,0.0,1
3313740,0,0,0,1,1,0.0,1
3318001,0,0,0,1,1,0.0,1
3319273,0,0,0,1,1,0.0,1
3327468,0,0,0,1,1,0.0,1
3330819,0,0,0,1,1,0.0,1
3333535,0,0,0,1,1,0.0,1
3333989,0,0,0,1,1,0.0,1
3339572,0,2,0,1,3,0.0,3
3343329,0,0,0,1,1,0.0,1
3350848,0,0,0,1,1,0.0,1
3355227,0,0,0,1,1,0.0,1
3358347,0,0,0,1,1,0.0,1
3367526,0,0,0,1,1,0.0,1
3368567,0,0,0,1,1,0.0,1
3374829,0,0,0,1,1,0.0,1
3385002,0,0,0,1,1,0.0,1
3389266,0,0,0,1,1,0.0,1
3395271,0,0,0,1,1,0.0,1
3398456,0,0,0,1,1,0.0,1
3414763,0,0,0,1,1,0.0,1
3418507,0,0,0,1,1,0.0,1
3420127,0,0,0,1,1,0.0,1
3422867,0,0,0,1,1,0.0,1
3424453,0,0,0,1,1,0.0,1
3427691,0,0,0,1,1,0.0,1
3450589,0,0,0,1,1,0.0,1
3450979,0,0,0,1,1,0.0,1
3460047,0,0,0,1,1,0.0,1
3471494,0,0,0,1,1,0.0,1
3478569,0,0,0,1,1,0.0,1
3483380,0,0,0,1,1,0.0,1
3487352,0,0,0,1,1,0.0,1
3487664,0,0,0,1,1,0.0,1
3487744,0,0,0,1,1,0.0,1
3487909,0,0,0,1,1,0.0,1
3490473,0,0,0,1,1,0.0,1
3496986,0,0,0,1,1,0.0,1
3508256,0,0,1,1,1,0.0,2
3538575,0,0,0,1,1,0.0,1
3539809,0,0,0,1,1,0.0,1
3548883,0,0,0,1,1,0.0,1
3552282,0,0,0,1,1,0.0,1
3554762,0,0,0,1,1,0.0,1
3562452,0,1,0,1,1,0.0,2
3563119,0,1,0,1,2,0.0,2
3573011,0,0,0,1,1,0.0,1
3576652,0,0,0,1,1,0.0,1
3586920,0,0,0,1,1,0.0,1
3591904,0,0,0,1,1,0.0,1
3595500,0,0,0,1,1,0.0,1
3611467,0,0,0,1,1,0.0,1
3611944,0,0,0,1,1,0.0,1
3616678,0,0,0,1,1,0.0,1
3634741,0,0,0,1,1,0.0,1
3641737,0,0,0,1,1,0.0,1
3656803,0,0,0,1,1,0.0,1
3675151,0,0,0,1,1,0.0,1
3676677,0,0,0,1,1,0.0,1
3677677,0,0,0,1,1,0.0,1
3681567,0,0,0,1,1,0.0,1
3695230,0,0,0,1,1,0.0,1
3695273,0,0,0,1,1,0.0,1
3703335,0,0,0,1,1,0.0,1
3706656,0,0,0,1,1,0.0,1
3707383,0,0,0,1,1,0.0,1
3710622,0,1,0,1,2,0.0,2
3725578,0,0,0,1,1,0.0,1
3726866,0,0,0,1,1,0.0,1
3731413,0,0,0,1,1,0.0,1
3740731,0,0,0,1,1,0.0,1
3751653,0,0,0,1,1,0.0,1
3765959,0,0,0,1,1,0.0,1
3774354,0,0,0,1,1,0.0,1
3775826,0,0,0,1,1,0.0,1
3776470,0,0,0,1,1,0.0,1
3822090,0,0,0,1,1,0.0,1
3822927,0,0,0,1,1,0.0,1
3832689,0,0,0,1,1,0.0,1
3835102,0,0,0,1,1,0.0,1
3842246,0,1,0,1,2,0.0,2
3847319,0,0,0,1,1,0.0,1
3849505,0,0,0,1,1,0.0,1
3872947,0,0,0,1,1,0.0,1
3895188,0,0,1,1,1,0.0,2
3915471,0,0,0,1,1,0.0,1
3917427,0,0,0,1,1,0.0,1
3921612,0,0,0,1,1,0.0,1
3926653,0,0,0,1,1,0.0,1
3929393,0,0,0,1,1,0.0,1
3933515,0,0,0,1,1,0.0,1
3942501,0,0,0,1,1,0.0,1
3956037,0,0,0,1,1,0.0,1
3969378,0,0,0,1,1,0.0,1
3975200,0,0,0,1,1,0.0,1
3978995,0,0,0,1,1,0.0,1
3985369,0,0,0,1,1,0.0,1
3990760,0,0,0,1,1,0.0,1
4022036,0,0,0,1,1,0.0,1
4029109,0,0,0,1,1,0.0,1
4032951,0,0,0,1,1,0.0,1
4042348,0,0,0,1,1,0.0,1
4053787,0,0,0,1,1,0.0,1
4068075,0,0,0,1,1,0.0,1
4079932,0,0,0,1,1,0.0,1
4082906,0,0,0,1,1,0.0,1
4094201,0,0,0,1,1,0.0,1
4096857,0,0,0,1,1,0.0,1
4104257,0,0,0,1,1,0.0,1
4105075,0,0,0,1,1,0.0,1
4107633,0,0,0,1,1,0.0,1
4108642,0,0,0,1,1,0.0,1
4113936,0,0,0,1,1,0.0,1
4118855,0,0,0,1,1,0.0,1
4135448,0,0,0,1,1,0.0,1
4135606,0,0,0,1,1,0.0,1
4138061,0,0,0,1,1,0.0,1
4169253,0,1,0,1,2,0.0,2
4172923,0,0,0,1,1,0.0,1
4187012,0,0,0,1,1,0.0,1
4196608,0,0,0,1,1,0.0,1
4199799,0,0,0,1,1,0.0,1
4225430,0,0,0,1,1,0.0,1
4226444,0,0,0,1,1,0.0,1
4233516,0,0,0,1,1,0.0,1
4242495,0,0,0,1,1,0.0,1
4243089,0,0,0,1,1,0.0,1
4243653,0,0,0,1,1,0.0,1
4245139,0,0,0,1,1,0.0,1
4245823,0,0,0,1,1,0.0,1
4258246,0,0,0,1,1,0.0,1
4260993,0,0,0,1,1,0.0,1
4263789,0,0,0,1,1,0.0,1
4266725,0,0,0,1,1,0.0,1
4269159,0,0,0,1,1,0.0,1
4276715,0,0,0,1,1,0.0,1
4301074,0,0,0,1,1,0.0,1
4304225,0,0,0,1,1,0.0,1
4304858,0,0,0,1,1,0.0,1
4317104,0,0,0,1,1,0.0,1
4326577,0,0,0,1,1,0.0,1
4342232,0,0,0,1,1,0.0,1
4365427,0,0,0,1,1,0.0,1
4387026,0,0,0,1,1,0.0,1
4402976,0,0,0,1,1,0.0,1
4423023,0,1,0,1,2,0.0,2
4436725,0,4,0,1,1,0.0,5
4449875,0,0,0,1,1,0.0,1
4452758,0,0,0,1,1,0.0,1
4460620,0,0,0,1,1,0.0,1
4461425,0,1,0,1,2,0.0,2
4465128,0,0,0,1,1,0.0,1
4472217,0,0,0,1,1,0.0,1
4477956,0,0,0,1,1,0.0,1
4484303,0,1,0,1,2,0.0,2
4489003,0,0,0,1,1,0.0,1
4501214,0,0,0,1,1,0.0,1
4516118,0,0,0,1,1,0.0,1
4517520,0,0,0,1,1,0.0,1
4522646,0,1,0,1,1,0.0,2
4532459,0,0,0,1,1,0.0,1
4535504,0,0,0,1,1,0.0,1
4542855,0,0,0,1,1,0.0,1
4551035,0,0,1,1,1,0.0,2
4557641,0,0,0,1,1,0.0,1
4574216,0,0,0,1,1,0.0,1
4588256,0,0,0,1,1,0.0,1
4591297,0,0,0,1,1,0.0,1
4604364,0,0,0,1,1,0.0,1
4609744,0,0,0,1,1,0.0,1
4615665,0,0,0,1,1,0.0,1
4617666,0,0,0,1,1,0.0,1
4622818,0,0,0,1,1,0.0,1
4631356,0,0,0,1,1,0.0,1
4633856,0,0,0,1,1,0.0,1
4640751,0,0,0,1,1,0.0,1
4640795,0,0,0,1,1,0.0,1
4641137,0,0,0,1,1,0.0,1
4644351,0,0,0,1,1,0.0,1
4646689,0,0,0,1,1,0.0,1
4658670,0,0,0,1,1,0.0,1
4659155,0,0,0,1,1,0.0,1
4662023,0,1,0,1,2,0.0,2
4663130,0,0,0,1,1,0.0,1
4667861,0,0,0,1,1,0.0,1
4686283,0,0,0,1,1,0.0,1
4689003,0,0,0,1,1,0.0,1
4694416,0,0,0,1,1,0.0,1
4725540,0,0,0,1,1,0.0,1
4734649,0,0,0,1,1,0.0,1
4735729,0,0,0,1,1,0.0,1
4738143,0,0,0,1,1,0.0,1
4740174,0,0,0,1,1,0.0,1
4750592,0,0,0,1,1,0.0,1
4753899,0,0,0,1,1,0.0,1
4761031,0,0,0,1,1,0.0,1
4772702,0,0,0,1,1,0.0,1
4782834,0,0,0,1,1,0.0,1
4791623,0,0,0,1,1,0.0,1
4795103,0,0,0,1,1,0.0,1
4796716,0,0,0,1,1,0.0,1
4799973,0,0,0,1,1,0.0,1
4800373,0,0,0,1,1,0.0,1
4824517,0,1,0,1,2,0.0,2
4832627,0,0,0,1,1,0.0,1
4834071,0,0,0,1,1,0.0,1
4836950,0,0,0,1,1,0.0,1
4840206,0,0,0,1,1,0.0,1
4841781,0,0,0,1,1,0.0,1
4863121,0,0,0,1,1,0.0,1
4864746,0,0,1,1,1,0.0,2
4864953,0,0,0,1,1,0.0,1
4866356,0,0,0,1,1,0.0,1
4870877,0,0,0,1,1,0.0,1
4872327,0,0,0,1,1,0.0,1
4873899,0,0,0,1,1,0.0,1
4874089,0,0,0,1,1,0.0,1
4875873,0,0,0,1,1,0.0,1
4878258,0,0,0,1,1,0.0,1
4882792,0,0,0,1,1,0.0,1
4882904,0,0,0,1,1,0.0,1
4884606,0,0,0,1,1,0.0,1
4908381,0,0,0,1,1,0.0,1
4913523,0,0,0,1,1,0.0,1
4917079,0,0,0,1,1,0.0,1
4923243,0,0,0,1,1,0.0,1
4931395,0,0,0,1,1,0.0,1
4933257,0,0,0,1,1,0.0,1
4944456,0,0,0,1,1,0.0,1
4946287,0,0,0,1,1,0.0,1
4963533,0,0,0,1,1,0.0,1
4971646,0,0,0,1,1,0.0,1
4971918,0,0,0,1,1,0.0,1
4972311,0,0,0,1,1,0.0,1
4977533,0,0,0,1,1,0.0,1
4978108,0,1,0,1,2,0.0,2
4988426,0,0,0,1,1,0.0,1
4989544,0,0,0,1,1,0.0,1
4995843,0,0,0,1,1,0.0,1
5001357,0,0,0,1,1,0.0,1
5003604,0,0,0,1,1,0.0,1
5011708,0,0,0,1,1,0.0,1
5019025,0,0,0,1,1,0.0,1
5023473,0,0,0,1,1,0.0,1
5035287,0,0,0,1,1,0.0,1
5039255,0,0,0,1,1,0.0,1
5044001,0,0,0,1,1,0.0,1
5047710,0,0,0,1,1,0.0,1
5061237,0,0,0,1,1,0.0,1
5068521,0,0,0,1,1,0.0,1
5091218,0,0,0,1,1,0.0,1
5102377,0,0,0,1,1,0.0,1
5108490,0,0,0,1,1,0.0,1
5110799,0,0,0,1,1,0.0,1
5117234,0,0,0,1,1,0.0,1
5119781,0,0,0,1,1,0.0,1
5148857,0,0,0,1,1,0.0,1
5160054,0,0,0,1,1,0.0,1
8409,0,1,0,0,1,,1
255176,0,1,0,0,1,,1
343112,0,3,0,0,1,,3
455059,0,1,0,0,1,,1
482940,0,1,0,0,1,,1
665347,0,1,0,0,1,,1
849098,0,1,0,0,1,,1
930695,0,1,0,0,1,,1
1041861,0,1,0,0,1,,1
1046209,0,1,0,0,1,,1
1155625,0,2,0,0,2,,2
1347679,0,0,1,0,1,,1
1383956,0,1,0,0,1,,1
1751679,0,1,0,0,1,,1
1893764,0,1,0,0,1,,1
1895342,0,1,0,0,1,,1
2007807,0,1,0,0,1,,1
2016952,0,1,2,0,2,,3
2071823,0,0,1,0,1,,1
2213342,0,0,1,0,1,,1
2254846,0,1,0,0,1,,1
2439607,0,1,0,0,1,,1
2594715,0,0,1,0,1,,1
2657549,0,0,1,0,1,,1
3149800,0,1,0,0,1,,1
3226113,0,0,1,0,1,,1
3231230,0,1,0,0,1,,1
3232866,0,1,0,0,1,,1
3367946,0,1,0,0,1,,1
3381435,0,1,0,0,1,,1
3453935,0,1,0,0,1,,1
3551706,0,1,2,0,1,,3
3715287,0,1,0,0,1,,1
3816918,0,2,0,0,1,,2
3899528,0,0,1,0,1,,1
3953096,0,0,1,0,1,,1
4139190,0,0,1,0,1,,1
4188413,0,1,0,0,1,,1
4218149,0,1,0,0,1,,1
4233672,0,0,1,0,1,,1
4286332,0,2,0,0,1,,2
4296766,0,1,0,0,1,,1
4394186,0,1,0,0,1,,1
4462920,0,1,0,0,1,,1
4739787,0,1,0,0,1,,1
4793442,0,1,0,0,1,,1
4814210,0,0,1,0,1,,1
4987918,0,1,0,0,1,,1
5082011,0,1,1,0,1,,2
5109144,0,1,0,0,1,,1
